INSERT INTO "auth_permission" ("id", "name", "content_type_id", "codename") VALUES (1, 'Can add log entry', 1, 'add_logentry');
INSERT INTO "auth_permission" ("id", "name", "content_type_id", "codename") VALUES (2, 'Can change log entry', 1, 'change_logentry');
INSERT INTO "auth_permission" ("id", "name", "content_type_id", "codename") VALUES (3, 'Can delete log entry', 1, 'delete_logentry');
INSERT INTO "auth_permission" ("id", "name", "content_type_id", "codename") VALUES (4, 'Can view log entry', 1, 'view_logentry');
INSERT INTO "auth_permission" ("id", "name", "content_type_id", "codename") VALUES (5, 'Can add permission', 2, 'add_permission');
INSERT INTO "auth_permission" ("id", "name", "content_type_id", "codename") VALUES (6, 'Can change permission', 2, 'change_permission');
INSERT INTO "auth_permission" ("id", "name", "content_type_id", "codename") VALUES (7, 'Can delete permission', 2, 'delete_permission');
INSERT INTO "auth_permission" ("id", "name", "content_type_id", "codename") VALUES (8, 'Can view permission', 2, 'view_permission');
INSERT INTO "auth_permission" ("id", "name", "content_type_id", "codename") VALUES (9, 'Can add group', 3, 'add_group');
INSERT INTO "auth_permission" ("id", "name", "content_type_id", "codename") VALUES (10, 'Can change group', 3, 'change_group');
INSERT INTO "auth_permission" ("id", "name", "content_type_id", "codename") VALUES (11, 'Can delete group', 3, 'delete_group');
INSERT INTO "auth_permission" ("id", "name", "content_type_id", "codename") VALUES (12, 'Can view group', 3, 'view_group');
INSERT INTO "auth_permission" ("id", "name", "content_type_id", "codename") VALUES (13, 'Can add user', 4, 'add_user');
INSERT INTO "auth_permission" ("id", "name", "content_type_id", "codename") VALUES (14, 'Can change user', 4, 'change_user');
INSERT INTO "auth_permission" ("id", "name", "content_type_id", "codename") VALUES (15, 'Can delete user', 4, 'delete_user');
INSERT INTO "auth_permission" ("id", "name", "content_type_id", "codename") VALUES (16, 'Can view user', 4, 'view_user');
INSERT INTO "auth_permission" ("id", "name", "content_type_id", "codename") VALUES (17, 'Can add content type', 5, 'add_contenttype');
INSERT INTO "auth_permission" ("id", "name", "content_type_id", "codename") VALUES (18, 'Can change content type', 5, 'change_contenttype');
INSERT INTO "auth_permission" ("id", "name", "content_type_id", "codename") VALUES (19, 'Can delete content type', 5, 'delete_contenttype');
INSERT INTO "auth_permission" ("id", "name", "content_type_id", "codename") VALUES (20, 'Can view content type', 5, 'view_contenttype');
INSERT INTO "auth_permission" ("id", "name", "content_type_id", "codename") VALUES (21, 'Can add session', 6, 'add_session');
INSERT INTO "auth_permission" ("id", "name", "content_type_id", "codename") VALUES (22, 'Can change session', 6, 'change_session');
INSERT INTO "auth_permission" ("id", "name", "content_type_id", "codename") VALUES (23, 'Can delete session', 6, 'delete_session');
INSERT INTO "auth_permission" ("id", "name", "content_type_id", "codename") VALUES (24, 'Can view session', 6, 'view_session');
INSERT INTO "auth_permission" ("id", "name", "content_type_id", "codename") VALUES (25, 'Can add cart', 7, 'add_cart');
INSERT INTO "auth_permission" ("id", "name", "content_type_id", "codename") VALUES (26, 'Can change cart', 7, 'change_cart');
INSERT INTO "auth_permission" ("id", "name", "content_type_id", "codename") VALUES (27, 'Can delete cart', 7, 'delete_cart');
INSERT INTO "auth_permission" ("id", "name", "content_type_id", "codename") VALUES (28, 'Can view cart', 7, 'view_cart');
INSERT INTO "auth_permission" ("id", "name", "content_type_id", "codename") VALUES (29, 'Can add order', 8, 'add_order');
INSERT INTO "auth_permission" ("id", "name", "content_type_id", "codename") VALUES (30, 'Can change order', 8, 'change_order');
INSERT INTO "auth_permission" ("id", "name", "content_type_id", "codename") VALUES (31, 'Can delete order', 8, 'delete_order');
INSERT INTO "auth_permission" ("id", "name", "content_type_id", "codename") VALUES (32, 'Can view order', 8, 'view_order');
INSERT INTO "auth_permission" ("id", "name", "content_type_id", "codename") VALUES (33, 'Can add order details', 9, 'add_orderdetails');
INSERT INTO "auth_permission" ("id", "name", "content_type_id", "codename") VALUES (34, 'Can change order details', 9, 'change_orderdetails');
INSERT INTO "auth_permission" ("id", "name", "content_type_id", "codename") VALUES (35, 'Can delete order details', 9, 'delete_orderdetails');
INSERT INTO "auth_permission" ("id", "name", "content_type_id", "codename") VALUES (36, 'Can view order details', 9, 'view_orderdetails');
INSERT INTO "auth_permission" ("id", "name", "content_type_id", "codename") VALUES (37, 'Can add payment method', 10, 'add_paymentmethod');
INSERT INTO "auth_permission" ("id", "name", "content_type_id", "codename") VALUES (38, 'Can change payment method', 10, 'change_paymentmethod');
INSERT INTO "auth_permission" ("id", "name", "content_type_id", "codename") VALUES (39, 'Can delete payment method', 10, 'delete_paymentmethod');
INSERT INTO "auth_permission" ("id", "name", "content_type_id", "codename") VALUES (40, 'Can view payment method', 10, 'view_paymentmethod');
INSERT INTO "auth_permission" ("id", "name", "content_type_id", "codename") VALUES (41, 'Can add user payments', 11, 'add_userpayments');
INSERT INTO "auth_permission" ("id", "name", "content_type_id", "codename") VALUES (42, 'Can change user payments', 11, 'change_userpayments');
INSERT INTO "auth_permission" ("id", "name", "content_type_id", "codename") VALUES (43, 'Can delete user payments', 11, 'delete_userpayments');
INSERT INTO "auth_permission" ("id", "name", "content_type_id", "codename") VALUES (44, 'Can view user payments', 11, 'view_userpayments');
INSERT INTO "auth_permission" ("id", "name", "content_type_id", "codename") VALUES (45, 'Can add user customer', 12, 'add_usercustomer');
INSERT INTO "auth_permission" ("id", "name", "content_type_id", "codename") VALUES (46, 'Can change user customer', 12, 'change_usercustomer');
INSERT INTO "auth_permission" ("id", "name", "content_type_id", "codename") VALUES (47, 'Can delete user customer', 12, 'delete_usercustomer');
INSERT INTO "auth_permission" ("id", "name", "content_type_id", "codename") VALUES (48, 'Can view user customer', 12, 'view_usercustomer');
INSERT INTO "auth_permission" ("id", "name", "content_type_id", "codename") VALUES (49, 'Can add color', 13, 'add_color');
INSERT INTO "auth_permission" ("id", "name", "content_type_id", "codename") VALUES (50, 'Can change color', 13, 'change_color');
INSERT INTO "auth_permission" ("id", "name", "content_type_id", "codename") VALUES (51, 'Can delete color', 13, 'delete_color');
INSERT INTO "auth_permission" ("id", "name", "content_type_id", "codename") VALUES (52, 'Can view color', 13, 'view_color');
INSERT INTO "auth_permission" ("id", "name", "content_type_id", "codename") VALUES (53, 'Can add product', 14, 'add_product');
INSERT INTO "auth_permission" ("id", "name", "content_type_id", "codename") VALUES (54, 'Can change product', 14, 'change_product');
INSERT INTO "auth_permission" ("id", "name", "content_type_id", "codename") VALUES (55, 'Can delete product', 14, 'delete_product');
INSERT INTO "auth_permission" ("id", "name", "content_type_id", "codename") VALUES (56, 'Can view product', 14, 'view_product');
INSERT INTO "auth_permission" ("id", "name", "content_type_id", "codename") VALUES (57, 'Can add size', 15, 'add_size');
INSERT INTO "auth_permission" ("id", "name", "content_type_id", "codename") VALUES (58, 'Can change size', 15, 'change_size');
INSERT INTO "auth_permission" ("id", "name", "content_type_id", "codename") VALUES (59, 'Can delete size', 15, 'delete_size');
INSERT INTO "auth_permission" ("id", "name", "content_type_id", "codename") VALUES (60, 'Can view size', 15, 'view_size');
INSERT INTO "auth_permission" ("id", "name", "content_type_id", "codename") VALUES (61, 'Can add product details', 16, 'add_productdetails');
INSERT INTO "auth_permission" ("id", "name", "content_type_id", "codename") VALUES (62, 'Can change product details', 16, 'change_productdetails');
INSERT INTO "auth_permission" ("id", "name", "content_type_id", "codename") VALUES (63, 'Can delete product details', 16, 'delete_productdetails');
INSERT INTO "auth_permission" ("id", "name", "content_type_id", "codename") VALUES (64, 'Can view product details', 16, 'view_productdetails');
INSERT INTO "auth_permission" ("id", "name", "content_type_id", "codename") VALUES (65, 'Can add feedback', 17, 'add_feedback');
INSERT INTO "auth_permission" ("id", "name", "content_type_id", "codename") VALUES (66, 'Can change feedback', 17, 'change_feedback');
INSERT INTO "auth_permission" ("id", "name", "content_type_id", "codename") VALUES (67, 'Can delete feedback', 17, 'delete_feedback');
INSERT INTO "auth_permission" ("id", "name", "content_type_id", "codename") VALUES (68, 'Can view feedback', 17, 'view_feedback');
INSERT INTO "auth_permission" ("id", "name", "content_type_id", "codename") VALUES (69, 'Can add material', 18, 'add_material');
INSERT INTO "auth_permission" ("id", "name", "content_type_id", "codename") VALUES (70, 'Can change material', 18, 'change_material');
INSERT INTO "auth_permission" ("id", "name", "content_type_id", "codename") VALUES (71, 'Can delete material', 18, 'delete_material');
INSERT INTO "auth_permission" ("id", "name", "content_type_id", "codename") VALUES (72, 'Can view material', 18, 'view_material');
INSERT INTO "auth_permission" ("id", "name", "content_type_id", "codename") VALUES (73, 'Can add type', 19, 'add_type');
INSERT INTO "auth_permission" ("id", "name", "content_type_id", "codename") VALUES (74, 'Can change type', 19, 'change_type');
INSERT INTO "auth_permission" ("id", "name", "content_type_id", "codename") VALUES (75, 'Can delete type', 19, 'delete_type');
INSERT INTO "auth_permission" ("id", "name", "content_type_id", "codename") VALUES (76, 'Can view type', 19, 'view_type');
INSERT INTO "auth_permission" ("id", "name", "content_type_id", "codename") VALUES (77, 'Can add product types', 20, 'add_producttypes');
INSERT INTO "auth_permission" ("id", "name", "content_type_id", "codename") VALUES (78, 'Can change product types', 20, 'change_producttypes');
INSERT INTO "auth_permission" ("id", "name", "content_type_id", "codename") VALUES (79, 'Can delete product types', 20, 'delete_producttypes');
INSERT INTO "auth_permission" ("id", "name", "content_type_id", "codename") VALUES (80, 'Can view product types', 20, 'view_producttypes');
INSERT INTO "auth_permission" ("id", "name", "content_type_id", "codename") VALUES (81, 'Can add product materials', 21, 'add_productmaterials');
INSERT INTO "auth_permission" ("id", "name", "content_type_id", "codename") VALUES (82, 'Can change product materials', 21, 'change_productmaterials');
INSERT INTO "auth_permission" ("id", "name", "content_type_id", "codename") VALUES (83, 'Can delete product materials', 21, 'delete_productmaterials');
INSERT INTO "auth_permission" ("id", "name", "content_type_id", "codename") VALUES (84, 'Can view product materials', 21, 'view_productmaterials');
INSERT INTO "cart_cart" ("id", "qty", "status", "product_details_id", "user_id") VALUES ('e88070e7-9bd5-41d0-b2cc-92962bbbcb5b', 2, 'in_active', '5c4d9bc3-a927-4bb9-823a-617c5517e8b7', 'de0e16ed-a155-4873-b8e4-9957072632ff');
INSERT INTO "cart_cart" ("id", "qty", "status", "product_details_id", "user_id") VALUES ('6796a665-1c77-4e73-b1e6-6a1cc8f5dde9', 2, 'in_active', 'c60da1c0-7fd6-4583-ba29-567e50690ffa', 'de0e16ed-a155-4873-b8e4-9957072632ff');
INSERT INTO "cart_cart" ("id", "qty", "status", "product_details_id", "user_id") VALUES ('2cc28aca-960a-4727-9afb-8a9c5eb904f9', 5, 'active', '801d628e-bf44-49dc-a435-4f596a0ef7bf', 'de0e16ed-a155-4873-b8e4-9957072632ff');
INSERT INTO "cart_cart" ("id", "qty", "status", "product_details_id", "user_id") VALUES ('0c3a0a47-b7a5-436f-b944-fdb1ef373b33', 2, 'active', '20315bb3-84d3-4a5c-a0fc-9f6550c24ddd', '3482294b-1000-4fd2-9505-ed927541ecdf');
INSERT INTO "cart_cart" ("id", "qty", "status", "product_details_id", "user_id") VALUES ('1043755f-228d-4d70-a0e1-28d215bc113f', 11, 'active', '79083110-64c7-4a96-8c92-fea498908193', '3482294b-1000-4fd2-9505-ed927541ecdf');
INSERT INTO "cart_cart" ("id", "qty", "status", "product_details_id", "user_id") VALUES ('a37667b6-3ed7-4184-89c6-dfc6a47bc77d', 0, 'in_active', 'dbe96b1b-2917-4c75-9ccc-26061671c786', '3482294b-1000-4fd2-9505-ed927541ecdf');
INSERT INTO "django_content_type" ("id", "app_label", "model") VALUES (1, 'admin', 'logentry');
INSERT INTO "django_content_type" ("id", "app_label", "model") VALUES (2, 'auth', 'permission');
INSERT INTO "django_content_type" ("id", "app_label", "model") VALUES (3, 'auth', 'group');
INSERT INTO "django_content_type" ("id", "app_label", "model") VALUES (4, 'auth', 'user');
INSERT INTO "django_content_type" ("id", "app_label", "model") VALUES (5, 'contenttypes', 'contenttype');
INSERT INTO "django_content_type" ("id", "app_label", "model") VALUES (6, 'sessions', 'session');
INSERT INTO "django_content_type" ("id", "app_label", "model") VALUES (7, 'cart', 'cart');
INSERT INTO "django_content_type" ("id", "app_label", "model") VALUES (8, 'order', 'order');
INSERT INTO "django_content_type" ("id", "app_label", "model") VALUES (9, 'order', 'orderdetails');
INSERT INTO "django_content_type" ("id", "app_label", "model") VALUES (10, 'payment', 'paymentmethod');
INSERT INTO "django_content_type" ("id", "app_label", "model") VALUES (11, 'payment', 'userpayments');
INSERT INTO "django_content_type" ("id", "app_label", "model") VALUES (12, 'user', 'usercustomer');
INSERT INTO "django_content_type" ("id", "app_label", "model") VALUES (13, 'product', 'color');
INSERT INTO "django_content_type" ("id", "app_label", "model") VALUES (14, 'product', 'product');
INSERT INTO "django_content_type" ("id", "app_label", "model") VALUES (15, 'product', 'size');
INSERT INTO "django_content_type" ("id", "app_label", "model") VALUES (16, 'product', 'productdetails');
INSERT INTO "django_content_type" ("id", "app_label", "model") VALUES (17, 'product', 'feedback');
INSERT INTO "django_content_type" ("id", "app_label", "model") VALUES (18, 'product', 'material');
INSERT INTO "django_content_type" ("id", "app_label", "model") VALUES (19, 'product', 'type');
INSERT INTO "django_content_type" ("id", "app_label", "model") VALUES (20, 'product', 'producttypes');
INSERT INTO "django_content_type" ("id", "app_label", "model") VALUES (21, 'product', 'productmaterials');
INSERT INTO "django_migrations" ("id", "app", "name", "applied") VALUES (1, 'contenttypes', '0001_initial', '2024-11-17 17:53:28.906031+07');
INSERT INTO "django_migrations" ("id", "app", "name", "applied") VALUES (2, 'auth', '0001_initial', '2024-11-17 17:53:28.984029+07');
INSERT INTO "django_migrations" ("id", "app", "name", "applied") VALUES (3, 'admin', '0001_initial', '2024-11-17 17:53:29.00783+07');
INSERT INTO "django_migrations" ("id", "app", "name", "applied") VALUES (4, 'admin', '0002_logentry_remove_auto_add', '2024-11-17 17:53:29.013836+07');
INSERT INTO "django_migrations" ("id", "app", "name", "applied") VALUES (5, 'admin', '0003_logentry_add_action_flag_choices', '2024-11-17 17:53:29.021352+07');
INSERT INTO "django_migrations" ("id", "app", "name", "applied") VALUES (6, 'contenttypes', '0002_remove_content_type_name', '2024-11-17 17:53:29.035465+07');
INSERT INTO "django_migrations" ("id", "app", "name", "applied") VALUES (7, 'auth', '0002_alter_permission_name_max_length', '2024-11-17 17:53:29.042946+07');
INSERT INTO "django_migrations" ("id", "app", "name", "applied") VALUES (8, 'auth', '0003_alter_user_email_max_length', '2024-11-17 17:53:29.050456+07');
INSERT INTO "django_migrations" ("id", "app", "name", "applied") VALUES (9, 'auth', '0004_alter_user_username_opts', '2024-11-17 17:53:29.056878+07');
INSERT INTO "django_migrations" ("id", "app", "name", "applied") VALUES (10, 'auth', '0005_alter_user_last_login_null', '2024-11-17 17:53:29.066683+07');
INSERT INTO "django_migrations" ("id", "app", "name", "applied") VALUES (11, 'auth', '0006_require_contenttypes_0002', '2024-11-17 17:53:29.068135+07');
INSERT INTO "django_migrations" ("id", "app", "name", "applied") VALUES (12, 'auth', '0007_alter_validators_add_error_messages', '2024-11-17 17:53:29.073672+07');
INSERT INTO "django_migrations" ("id", "app", "name", "applied") VALUES (13, 'auth', '0008_alter_user_username_max_length', '2024-11-17 17:53:29.089542+07');
INSERT INTO "django_migrations" ("id", "app", "name", "applied") VALUES (14, 'auth', '0009_alter_user_last_name_max_length', '2024-11-17 17:53:29.097083+07');
INSERT INTO "django_migrations" ("id", "app", "name", "applied") VALUES (15, 'auth', '0010_alter_group_name_max_length', '2024-11-17 17:53:29.105104+07');
INSERT INTO "django_migrations" ("id", "app", "name", "applied") VALUES (16, 'auth', '0011_update_proxy_permissions', '2024-11-17 17:53:29.109426+07');
INSERT INTO "django_migrations" ("id", "app", "name", "applied") VALUES (17, 'auth', '0012_alter_user_first_name_max_length', '2024-11-17 17:53:29.116365+07');
INSERT INTO "django_migrations" ("id", "app", "name", "applied") VALUES (18, 'user', '0001_initial', '2024-11-17 17:53:29.125353+07');
INSERT INTO "django_migrations" ("id", "app", "name", "applied") VALUES (19, 'product', '0001_initial', '2024-11-17 17:53:29.193341+07');
INSERT INTO "django_migrations" ("id", "app", "name", "applied") VALUES (20, 'cart', '0001_initial', '2024-11-17 17:53:29.218349+07');
INSERT INTO "django_migrations" ("id", "app", "name", "applied") VALUES (21, 'cart', '0002_alter_cart_id', '2024-11-17 17:53:29.235952+07');
INSERT INTO "django_migrations" ("id", "app", "name", "applied") VALUES (22, 'cart', '0003_alter_cart_qty_alter_cart_status', '2024-11-17 17:53:29.253223+07');
INSERT INTO "django_migrations" ("id", "app", "name", "applied") VALUES (23, 'cart', '0004_alter_cart_status', '2024-11-17 17:53:29.281861+07');
INSERT INTO "django_migrations" ("id", "app", "name", "applied") VALUES (24, 'user', '0002_alter_usercustomer_id', '2024-11-17 17:53:29.35215+07');
INSERT INTO "django_migrations" ("id", "app", "name", "applied") VALUES (25, 'user', '0003_usercustomer_password_usercustomer_role', '2024-11-17 17:53:29.368962+07');
INSERT INTO "django_migrations" ("id", "app", "name", "applied") VALUES (26, 'user', '0004_alter_usercustomer_password', '2024-11-17 17:53:29.373971+07');
INSERT INTO "django_migrations" ("id", "app", "name", "applied") VALUES (27, 'user', '0005_alter_usercustomer_password_alter_usercustomer_role_and_more', '2024-11-17 17:53:29.393124+07');
INSERT INTO "django_migrations" ("id", "app", "name", "applied") VALUES (28, 'product', '0002_alter_color_id_alter_feedback_id_alter_product_id_and_more', '2024-11-17 17:53:29.536287+07');
INSERT INTO "django_migrations" ("id", "app", "name", "applied") VALUES (29, 'product', '0003_material_type_alter_product_price_materialtypes_and_more', '2024-11-17 17:53:29.600309+07');
INSERT INTO "django_migrations" ("id", "app", "name", "applied") VALUES (30, 'product', '0004_product_description_alter_color_status_and_more', '2024-11-17 17:53:29.711168+07');
INSERT INTO "django_migrations" ("id", "app", "name", "applied") VALUES (31, 'product', '0005_alter_productdetails_product', '2024-11-17 17:53:29.720382+07');
INSERT INTO "django_migrations" ("id", "app", "name", "applied") VALUES (32, 'product', '0006_alter_product_image_alter_productdetails_image', '2024-11-17 17:53:29.736913+07');
INSERT INTO "django_migrations" ("id", "app", "name", "applied") VALUES (33, 'payment', '0001_initial', '2024-11-17 17:53:29.77034+07');
INSERT INTO "django_migrations" ("id", "app", "name", "applied") VALUES (34, 'order', '0001_initial', '2024-11-17 17:53:29.781271+07');
INSERT INTO "django_migrations" ("id", "app", "name", "applied") VALUES (35, 'order', '0002_initial', '2024-11-17 17:53:29.824216+07');
INSERT INTO "django_migrations" ("id", "app", "name", "applied") VALUES (36, 'sessions', '0001_initial', '2024-11-17 17:53:29.838726+07');
INSERT INTO "django_migrations" ("id", "app", "name", "applied") VALUES (37, 'product', '0007_alter_product_image', '2024-11-28 15:38:07.462709+07');
INSERT INTO "order_order" ("id", "address", "status", "total", "prepaid", "remaining", "created_at", "updated_at", "payment_id", "user_id") VALUES ('1d7008f1-a1f0-4edf-9fde-2daad1bd8de6', '181 Cao Thắng', 'toProgress', '1396000', '0', '1396000', '2024-12-16 01:47:48.735967+07', '2024-12-16 01:47:48.735967+07', NULL, 'de0e16ed-a155-4873-b8e4-9957072632ff');
INSERT INTO "order_orderdetails" ("id", "qty", "order_id", "product_details_id") VALUES ('ab4765de-46bf-477e-b616-cfa0053b7724', 2, '1d7008f1-a1f0-4edf-9fde-2daad1bd8de6', 'c60da1c0-7fd6-4583-ba29-567e50690ffa');
INSERT INTO "order_orderdetails" ("id", "qty", "order_id", "product_details_id") VALUES ('5354f84a-1571-46b1-bcbc-a359bc39e7bf', 2, '1d7008f1-a1f0-4edf-9fde-2daad1bd8de6', '5c4d9bc3-a927-4bb9-823a-617c5517e8b7');
INSERT INTO "payment_paymentmethod" ("id", "name", "status", "required_details") VALUES ('294b5e40-78e1-4958-80d6-c89a1a9e4d2a', 'Visa', 'active', '["validFrom", "expriedAt", "cardNumber", "cvv"]');
INSERT INTO "payment_userpayments" ("id", "payment_details", "status", "payment_method_id", "user_id") VALUES ('c3fa90ec-d199-4f1c-99de-4ad143eb4323', '{"cvv": "456", "expriedAt": "2024-11-30", "validFrom": "2023-11-30", "cardNumber": "1234123412341234"}', 'deleted', '294b5e40-78e1-4958-80d6-c89a1a9e4d2a', 'de0e16ed-a155-4873-b8e4-9957072632ff');
INSERT INTO "payment_userpayments" ("id", "payment_details", "status", "payment_method_id", "user_id") VALUES ('9f7be71f-a334-4c9d-aba9-8b1f22334d61', '{"cvv": "123", "expriedAt": "2024-11-30", "validFrom": "2023-11-30", "cardNumber": "1234561234561234"}', 'deleted', '294b5e40-78e1-4958-80d6-c89a1a9e4d2a', 'de0e16ed-a155-4873-b8e4-9957072632ff');
INSERT INTO "payment_userpayments" ("id", "payment_details", "status", "payment_method_id", "user_id") VALUES ('815d03f7-590b-498d-b67f-c598bb88985e', '{"cvv": "123", "expriedAt": "2024-11-30", "validFrom": "2023-11-30", "cardNumber": "1234561234561245"}', 'deleted', '294b5e40-78e1-4958-80d6-c89a1a9e4d2a', 'de0e16ed-a155-4873-b8e4-9957072632ff');
INSERT INTO "payment_userpayments" ("id", "payment_details", "status", "payment_method_id", "user_id") VALUES ('92b68795-d51e-48a7-a44d-1ad2df88e266', '{"cvv": "124", "expriedAt": "2024-12-30", "validFrom": "2023-11-30", "cardNumber": "0123456123456123"}', 'active', '294b5e40-78e1-4958-80d6-c89a1a9e4d2a', 'de0e16ed-a155-4873-b8e4-9957072632ff');
INSERT INTO "payment_userpayments" ("id", "payment_details", "status", "payment_method_id", "user_id") VALUES ('c5ebcfe5-d1f4-46b3-b368-c8c180e36511', '{"cvv": "437", "expriedAt": "2024-11-30", "validFrom": "2023-11-30", "cardNumber": "0123456123456123"}', 'active', '294b5e40-78e1-4958-80d6-c89a1a9e4d2a', '3482294b-1000-4fd2-9505-ed927541ecdf');
INSERT INTO "product_color" ("id", "name", "status") VALUES ('b551fb99-283e-46bb-a006-0f3ecfcfd4a3', 'Xám', 'active');
INSERT INTO "product_color" ("id", "name", "status") VALUES ('68b58619-bfbc-48aa-865d-f5b011ce046a', 'Trắng', 'active');
INSERT INTO "product_color" ("id", "name", "status") VALUES ('02bcd59a-b2f2-4ecf-9943-1fcda1450be2', 'Kem', 'active');
INSERT INTO "product_color" ("id", "name", "status") VALUES ('bd292021-1fb7-4847-acff-13e233186d58', 'Xanh dương', 'active');
INSERT INTO "product_color" ("id", "name", "status") VALUES ('9579f089-47a7-4be4-8537-3150ff7314c8', 'Rêu', 'active');
INSERT INTO "product_color" ("id", "name", "status") VALUES ('c030dda5-e1e7-4521-9e3b-2ddf4ee3212a', 'Hồng', 'active');
INSERT INTO "product_color" ("id", "name", "status") VALUES ('70bd6309-8544-429d-949e-521cd8101a63', 'Cam', 'active');
INSERT INTO "product_color" ("id", "name", "status") VALUES ('dd92cde6-3e60-4aca-ad1a-89ecf70c071c', 'Mint', 'active');
INSERT INTO "product_color" ("id", "name", "status") VALUES ('b737527b-f1f8-405d-aaf9-310be1d9b096', 'Đen', 'active');
INSERT INTO "product_color" ("id", "name", "status") VALUES ('9f91179b-427b-44bc-b020-659694b7b8ee', 'Vàng', 'active');
INSERT INTO "product_color" ("id", "name", "status") VALUES ('ef061635-0335-4210-9548-166f0eb4861c', 'Đỏ', 'active');
INSERT INTO "product_material" ("id", "name", "status") VALUES ('bd19f1b0-2767-4bf6-aec4-a6d63aad3c6f', 'Cotton', 'active');
INSERT INTO "product_material" ("id", "name", "status") VALUES ('07edebec-21cd-44de-9dc9-bf0441a63308', 'Kaki', 'active');
INSERT INTO "product_material" ("id", "name", "status") VALUES ('e25e400d-529b-475e-870f-c200571a0464', 'Voan', 'activve');
INSERT INTO "product_material" ("id", "name", "status") VALUES ('43b83459-cf63-4ed3-9bb1-ff391ea153fe', 'Jeans', 'active');
INSERT INTO "product_material" ("id", "name", "status") VALUES ('11b37bc9-f87d-4c30-9504-27b099208a42', 'Len', 'acrive');
INSERT INTO "product_product" ("id", "name", "price", "status", "image", "created_at", "updated_at", "description") VALUES ('d78e6f72-9b0f-4cd4-87a2-75051280b9c1', 'The Underdogs', '399000', 'active', '["img/product/1734285538.419958-64.png"]', '2024-12-16 00:58:58.433107+07', '2024-12-16 00:58:58.433107+07', 'Sản phẩm hợp tác giữa Dirty coins và Underdogs');
INSERT INTO "product_product" ("id", "name", "price", "status", "image", "created_at", "updated_at", "description") VALUES ('e1d1d2cf-b180-4d0f-ac9e-fdad565e3247', 'Rabbit Special', '399000', 'active', '["img/product/1734285770.031218-89.png"]', '2024-12-16 01:02:50.03321+07', '2024-12-16 01:02:50.03321+07', 'Sản phẩm được làm từ chất liệu Cotton
Cực kì thoải mái và dễ chịu');
INSERT INTO "product_product" ("id", "name", "price", "status", "image", "created_at", "updated_at", "description") VALUES ('dd422b2e-556b-4cde-b9ca-339f2f128f71', 'VSC', '299000', 'active', '["img/product/1734285980.589179-12.png"]', '2024-12-16 01:06:20.590099+07', '2024-12-16 01:06:20.590099+07', 'Áo được làm từ 100% chất liệu cotton, cực kỳ thoáng khí');
INSERT INTO "product_product" ("id", "name", "price", "status", "image", "created_at", "updated_at", "description") VALUES ('906fa4aa-551d-424f-ae92-f085523e9552', 'Loneliness', '299000', 'active', '["img/product/1734286076.303942-78.png"]', '2024-12-16 01:07:56.304451+07', '2024-12-16 01:07:56.304451+07', 'Áo thun được lấy cảm hứng từ sự cô độc của con người trong góc tối');
INSERT INTO "product_product" ("id", "name", "price", "status", "image", "created_at", "updated_at", "description") VALUES ('90adea84-5891-4d0e-ab01-b67550d64c7d', 'Button windbreaker', '889000', 'active', '["img/product/1734374962.120432-62.png", "img/product/1734374962.121917-76.png"]', '2024-12-17 01:41:48.292241+07', '2024-12-17 08:22:09.773495+07', 'Chiếc hoolie với thiết kết cực kỳ độc đáo được làm 100% từ cotton');
INSERT INTO "product_product" ("id", "name", "price", "status", "image", "created_at", "updated_at", "description") VALUES ('f4aae748-c46c-429e-b0b4-70f7300cdc77', 'SWE Siganture', '299000', 'active', '["img/product/1734286211.874242-77.png", "img/product/1734286211.873245-85.png", "img/product/1734286211.922094-23.png"]', '2024-12-16 01:10:11.922094+07', '2024-12-16 01:10:11.922094+07', 'Một sản phẩm mang đậm màu sắc của hàng SWE');
INSERT INTO "product_product" ("id", "name", "price", "status", "image", "created_at", "updated_at", "description") VALUES ('88aca3b7-a774-41e2-b4a0-105e0f28a716', '10 Tee', '199000', 'active', '["img/product/1734286573.908534-78.png", "img/product/1734286573.909535-4.png", "img/product/1734286573.958403-9.png", "img/product/1734286573.961375-9.png"]', '2024-12-16 01:16:13.962487+07', '2024-12-16 01:16:13.962487+07', 'Sản phẩm được làm 100% từ cotton thoáng khí');
INSERT INTO "product_product" ("id", "name", "price", "status", "image", "created_at", "updated_at", "description") VALUES ('201f4de7-ae89-4aca-a978-1bde2945f4c9', 'Vest', '219000', 'active', '["img/product/1734286758.70778-33.png", "img/product/1734286758.709784-43.png"]', '2024-12-16 01:19:18.710781+07', '2024-12-16 01:19:18.710781+07', 'Một sản phẩm đến từ thương hiệu Nows với chất liệu được làm từ cotton 100%');
INSERT INTO "product_product" ("id", "name", "price", "status", "image", "created_at", "updated_at", "description") VALUES ('0ab8a539-c0c5-40ec-82e1-8bbd8b51c552', 'Patch', '299000', 'active', '["img/product/1734286891.543082-53.png", "img/product/1734286891.590628-15.png"]', '2024-12-16 01:21:31.59266+07', '2024-12-16 01:21:31.59266+07', 'Sản phẩm với họa tiết độc lạ đến từ thương hiệu Nows');
INSERT INTO "product_product" ("id", "name", "price", "status", "image", "created_at", "updated_at", "description") VALUES ('0cf3e2c1-d966-495e-8266-f2f429cc4bd4', 'Chalk', '239000', 'active', '["img/product/1734287039.439528-78.png", "img/product/1734287039.488563-11.png", "img/product/1734287039.489564-25.png"]', '2024-12-16 01:23:59.490562+07', '2024-12-16 01:23:59.490562+07', 'Sản phẩm được làm từ chất liệu cotton');
INSERT INTO "product_product" ("id", "name", "price", "status", "image", "created_at", "updated_at", "description") VALUES ('f58361c3-78ef-4846-be9c-65eca0ea8b28', 'Now Signature', '229000', 'active', '["img/product/1734287247.569094-59.png", "img/product/1734287247.61785-4.png"]', '2024-12-16 01:27:27.618869+07', '2024-12-16 01:27:27.618869+07', 'Một chiếc áo mang đậm màu sắc của hàng Nows');
INSERT INTO "product_product" ("id", "name", "price", "status", "image", "created_at", "updated_at", "description") VALUES ('e1ea9058-0c7e-443d-a10e-8724c517823c', 'Cookie Rabbit', '499000', 'active', '["img/product/1734287394.880045-50.png", "img/product/1734287394.929723-75.png"]', '2024-12-16 01:29:54.930928+07', '2024-12-16 01:29:54.930928+07', 'Sản phẩm đến từ nhà Bad Rabbit với sự kết hợp cực kỳ độc đáo với các chú gấu bông');
INSERT INTO "product_product" ("id", "name", "price", "status", "image", "created_at", "updated_at", "description") VALUES ('fa78d30a-7fe6-4193-89c1-ef5c7d624b44', 'Doodle', '169000', 'active', '["img/product/1734287534.856838-18.png", "img/product/1734287534.906406-23.png", "img/product/1734287534.907776-42.png"]', '2024-12-16 01:32:14.909223+07', '2024-12-16 01:32:14.909223+07', 'Sản phẩm được làm từ chất liệu Cotton thoáng khí');
INSERT INTO "product_product" ("id", "name", "price", "status", "image", "created_at", "updated_at", "description") VALUES ('2f8b94ae-fd57-4184-aad7-86a93753cfe5', 'Rabbit Family', '299000', 'active', '["img/product/1734287666.637836-40.png", "img/product/1734287666.685609-66.png"]', '2024-12-16 01:34:26.686617+07', '2024-12-16 01:34:26.686617+07', 'Chiếc áo thun về gia đình của những chú thỏ cực dễ thương đế từ nhà Bad Rabbit');
INSERT INTO "product_product" ("id", "name", "price", "status", "image", "created_at", "updated_at", "description") VALUES ('57d4baf3-c461-4cf1-9321-6c12499048cf', 'Rabbit Hug', '299000', 'active', '["img/product/1734288436.89317-81.png", "img/product/1734288436.894705-68.png"]', '2024-12-16 01:47:16.896687+07', '2024-12-16 01:47:16.896687+07', 'Chiếc áo thun về những chú thỏ thích được ôm đến từ nhà Bad Rabbit');
INSERT INTO "product_product" ("id", "name", "price", "status", "image", "created_at", "updated_at", "description") VALUES ('32f05185-ea65-4750-ab74-73be8013cb8a', 'Carrot', '599000', 'active', '["img/product/1734373919.592741-75.png"]', '2024-12-17 01:31:59.649553+07', '2024-12-17 01:31:59.650551+07', 'Chiếc áo khoác với hình cà rốt được dệt từ len cao cấp');
INSERT INTO "product_product" ("id", "name", "price", "status", "image", "created_at", "updated_at", "description") VALUES ('2812d4b0-9344-407d-98a1-c8a545767178', 'Checkerboard Knit Cardigan', '499000', 'active', '["img/product/1734374303.072633-56.png", "img/product/1734374303.084632-43.png", "img/product/1734374303.088024-21.png", "img/product/1734374303.091021-52.png"]', '2024-12-17 01:38:23.092022+07', '2024-12-17 01:38:23.093023+07', 'Một chiếc áo khoác mang phong cách giáng sinh đến từ nhà dirty coin');
INSERT INTO "product_product" ("id", "name", "price", "status", "image", "created_at", "updated_at", "description") VALUES ('cf9ebc1e-1021-4277-b336-24f377539a44', 'Slimfit Jeans', '459000', 'active', '["img/product/1734374797.653691-39.png", "img/product/1734374797.701048-75.png", "img/product/1734374797.703049-90.png"]', '2024-12-17 01:40:15.849434+07', '2024-12-17 01:46:37.705161+07', 'Một bộ sưu tập những chiếc quần jean thời thượng');
INSERT INTO "product_productdetails" ("id", "qty", "status", "image", "created_at", "updated_at", "color_id", "product_id", "size_id") VALUES ('9cee0a60-e8e2-432d-884e-d1970b4da4de', 100, 'active', '', '2024-12-16 01:00:02.393339+07', '2024-12-16 01:00:02.393339+07', 'b737527b-f1f8-405d-aaf9-310be1d9b096', 'd78e6f72-9b0f-4cd4-87a2-75051280b9c1', 'b9880a7a-249e-4d92-a152-7ad4b8b8dda8');
INSERT INTO "product_productdetails" ("id", "qty", "status", "image", "created_at", "updated_at", "color_id", "product_id", "size_id") VALUES ('a546094a-596e-4835-a297-4252cc50e1dc', 100, 'active', '', '2024-12-16 01:00:02.396836+07', '2024-12-16 01:00:02.396836+07', 'b737527b-f1f8-405d-aaf9-310be1d9b096', 'd78e6f72-9b0f-4cd4-87a2-75051280b9c1', '33b60612-1da2-49be-aa71-5933a503da70');
INSERT INTO "product_productdetails" ("id", "qty", "status", "image", "created_at", "updated_at", "color_id", "product_id", "size_id") VALUES ('7ebe9903-b3bb-49e4-b066-85d64135b73d', 100, 'active', '', '2024-12-16 01:00:02.398837+07', '2024-12-16 01:00:02.398837+07', 'b737527b-f1f8-405d-aaf9-310be1d9b096', 'd78e6f72-9b0f-4cd4-87a2-75051280b9c1', 'ad0e0af6-6607-4289-8380-f185dae9b192');
INSERT INTO "product_productdetails" ("id", "qty", "status", "image", "created_at", "updated_at", "color_id", "product_id", "size_id") VALUES ('56c46680-56e4-4d15-8efe-cc19c57caa6b', 200, 'active', '', '2024-12-16 01:00:02.40087+07', '2024-12-16 01:00:02.40087+07', 'b737527b-f1f8-405d-aaf9-310be1d9b096', 'd78e6f72-9b0f-4cd4-87a2-75051280b9c1', 'f5fff554-af92-489b-b0a8-372894e81bf9');
INSERT INTO "product_productdetails" ("id", "qty", "status", "image", "created_at", "updated_at", "color_id", "product_id", "size_id") VALUES ('5fe2404d-8a3f-48e9-b5ca-2fe5b96e10da', 100, 'active', '', '2024-12-16 01:00:02.402869+07', '2024-12-16 01:00:02.402869+07', 'b737527b-f1f8-405d-aaf9-310be1d9b096', 'd78e6f72-9b0f-4cd4-87a2-75051280b9c1', 'c6f05e10-8663-48b8-9600-c76a1e9cb9d9');
INSERT INTO "product_productdetails" ("id", "qty", "status", "image", "created_at", "updated_at", "color_id", "product_id", "size_id") VALUES ('e3ba8168-b364-4805-a685-1b2c11f19527', 100, 'active', '', '2024-12-16 01:02:50.040852+07', '2024-12-16 01:02:50.040852+07', '68b58619-bfbc-48aa-865d-f5b011ce046a', 'e1d1d2cf-b180-4d0f-ac9e-fdad565e3247', 'ad0e0af6-6607-4289-8380-f185dae9b192');
INSERT INTO "product_productdetails" ("id", "qty", "status", "image", "created_at", "updated_at", "color_id", "product_id", "size_id") VALUES ('e2d10860-a65d-47a1-a775-1769c265f41c', 300, 'active', '', '2024-12-16 01:02:50.041789+07', '2024-12-16 01:02:50.041789+07', '68b58619-bfbc-48aa-865d-f5b011ce046a', 'e1d1d2cf-b180-4d0f-ac9e-fdad565e3247', 'f5fff554-af92-489b-b0a8-372894e81bf9');
INSERT INTO "product_productdetails" ("id", "qty", "status", "image", "created_at", "updated_at", "color_id", "product_id", "size_id") VALUES ('9d7144f2-d174-427b-afe9-690123e3c78e', 100, 'active', '', '2024-12-16 01:02:50.042788+07', '2024-12-16 01:02:50.042788+07', '68b58619-bfbc-48aa-865d-f5b011ce046a', 'e1d1d2cf-b180-4d0f-ac9e-fdad565e3247', 'c6f05e10-8663-48b8-9600-c76a1e9cb9d9');
INSERT INTO "product_productdetails" ("id", "qty", "status", "image", "created_at", "updated_at", "color_id", "product_id", "size_id") VALUES ('90eaa377-c6cf-420d-b22e-38795924b790', 100, 'active', '', '2024-12-16 01:06:20.59311+07', '2024-12-16 01:06:20.59311+07', '68b58619-bfbc-48aa-865d-f5b011ce046a', 'dd422b2e-556b-4cde-b9ca-339f2f128f71', 'b9880a7a-249e-4d92-a152-7ad4b8b8dda8');
INSERT INTO "product_productdetails" ("id", "qty", "status", "image", "created_at", "updated_at", "color_id", "product_id", "size_id") VALUES ('4ea50ed5-2cc1-4b67-9abf-5f5fe9347dde', 100, 'active', '', '2024-12-16 01:06:20.594635+07', '2024-12-16 01:06:20.594635+07', '68b58619-bfbc-48aa-865d-f5b011ce046a', 'dd422b2e-556b-4cde-b9ca-339f2f128f71', 'ad0e0af6-6607-4289-8380-f185dae9b192');
INSERT INTO "product_productdetails" ("id", "qty", "status", "image", "created_at", "updated_at", "color_id", "product_id", "size_id") VALUES ('c60da1c0-7fd6-4583-ba29-567e50690ffa', 98, 'active', '', '2024-12-16 01:02:50.038786+07', '2024-12-16 01:02:50.038786+07', '68b58619-bfbc-48aa-865d-f5b011ce046a', 'e1d1d2cf-b180-4d0f-ac9e-fdad565e3247', 'b9880a7a-249e-4d92-a152-7ad4b8b8dda8');
INSERT INTO "product_productdetails" ("id", "qty", "status", "image", "created_at", "updated_at", "color_id", "product_id", "size_id") VALUES ('88573e0e-ee0c-4ce6-aad4-e39d32ba4ba7', 300, 'active', '', '2024-12-16 01:06:20.595646+07', '2024-12-16 01:06:20.595646+07', '68b58619-bfbc-48aa-865d-f5b011ce046a', 'dd422b2e-556b-4cde-b9ca-339f2f128f71', 'f5fff554-af92-489b-b0a8-372894e81bf9');
INSERT INTO "product_productdetails" ("id", "qty", "status", "image", "created_at", "updated_at", "color_id", "product_id", "size_id") VALUES ('3ddb5779-14e8-402f-a3ed-ea221b1631ec', 100, 'active', '', '2024-12-16 01:06:20.596644+07', '2024-12-16 01:06:20.596644+07', '68b58619-bfbc-48aa-865d-f5b011ce046a', 'dd422b2e-556b-4cde-b9ca-339f2f128f71', 'c6f05e10-8663-48b8-9600-c76a1e9cb9d9');
INSERT INTO "product_productdetails" ("id", "qty", "status", "image", "created_at", "updated_at", "color_id", "product_id", "size_id") VALUES ('17319d64-85ee-4ed4-a2e1-2f0d655b5f63', 100, 'active', '', '2024-12-16 01:07:56.30646+07', '2024-12-16 01:07:56.30646+07', 'b737527b-f1f8-405d-aaf9-310be1d9b096', '906fa4aa-551d-424f-ae92-f085523e9552', 'b9880a7a-249e-4d92-a152-7ad4b8b8dda8');
INSERT INTO "product_productdetails" ("id", "qty", "status", "image", "created_at", "updated_at", "color_id", "product_id", "size_id") VALUES ('8579d7ed-79b6-49e9-ba68-e1471355727d', 100, 'active', '', '2024-12-16 01:07:56.307458+07', '2024-12-16 01:07:56.307458+07', 'b737527b-f1f8-405d-aaf9-310be1d9b096', '906fa4aa-551d-424f-ae92-f085523e9552', 'ad0e0af6-6607-4289-8380-f185dae9b192');
INSERT INTO "product_productdetails" ("id", "qty", "status", "image", "created_at", "updated_at", "color_id", "product_id", "size_id") VALUES ('deb52225-bca6-4a61-8ba1-8cbdd341f3fd', 200, 'active', '', '2024-12-16 01:07:56.308459+07', '2024-12-16 01:07:56.308459+07', 'b737527b-f1f8-405d-aaf9-310be1d9b096', '906fa4aa-551d-424f-ae92-f085523e9552', 'f5fff554-af92-489b-b0a8-372894e81bf9');
INSERT INTO "product_productdetails" ("id", "qty", "status", "image", "created_at", "updated_at", "color_id", "product_id", "size_id") VALUES ('f72add43-9b81-4463-8b86-232371b2d4b2', 100, 'active', '', '2024-12-16 01:07:56.309459+07', '2024-12-16 01:07:56.309459+07', 'b737527b-f1f8-405d-aaf9-310be1d9b096', '906fa4aa-551d-424f-ae92-f085523e9552', 'c6f05e10-8663-48b8-9600-c76a1e9cb9d9');
INSERT INTO "product_productdetails" ("id", "qty", "status", "image", "created_at", "updated_at", "color_id", "product_id", "size_id") VALUES ('27f8742d-c1a7-4a10-9500-73a550c8e0e6', 100, 'active', '', '2024-12-16 01:10:11.925244+07', '2024-12-16 01:10:11.925244+07', 'c030dda5-e1e7-4521-9e3b-2ddf4ee3212a', 'f4aae748-c46c-429e-b0b4-70f7300cdc77', 'b9880a7a-249e-4d92-a152-7ad4b8b8dda8');
INSERT INTO "product_productdetails" ("id", "qty", "status", "image", "created_at", "updated_at", "color_id", "product_id", "size_id") VALUES ('f8097ef9-9d1c-46e1-95a3-5b90083a0402', 100, 'active', '', '2024-12-16 01:10:11.92846+07', '2024-12-16 01:10:11.92846+07', 'b737527b-f1f8-405d-aaf9-310be1d9b096', 'f4aae748-c46c-429e-b0b4-70f7300cdc77', 'b9880a7a-249e-4d92-a152-7ad4b8b8dda8');
INSERT INTO "product_productdetails" ("id", "qty", "status", "image", "created_at", "updated_at", "color_id", "product_id", "size_id") VALUES ('f55a78fb-aa9e-481f-97a8-76c3874a3dfe', 100, 'active', '', '2024-12-16 01:10:11.929472+07', '2024-12-16 01:10:11.929472+07', '68b58619-bfbc-48aa-865d-f5b011ce046a', 'f4aae748-c46c-429e-b0b4-70f7300cdc77', 'b9880a7a-249e-4d92-a152-7ad4b8b8dda8');
INSERT INTO "product_productdetails" ("id", "qty", "status", "image", "created_at", "updated_at", "color_id", "product_id", "size_id") VALUES ('2bd7fbe7-260d-4b82-b558-ff5fd3d582dd', 100, 'active', '', '2024-12-16 01:10:11.929472+07', '2024-12-16 01:10:11.929472+07', 'c030dda5-e1e7-4521-9e3b-2ddf4ee3212a', 'f4aae748-c46c-429e-b0b4-70f7300cdc77', 'ad0e0af6-6607-4289-8380-f185dae9b192');
INSERT INTO "product_productdetails" ("id", "qty", "status", "image", "created_at", "updated_at", "color_id", "product_id", "size_id") VALUES ('6b75e94c-3b25-4583-b873-ad96f584e9e8', 100, 'active', '', '2024-12-16 01:10:11.931952+07', '2024-12-16 01:10:11.931952+07', 'b737527b-f1f8-405d-aaf9-310be1d9b096', 'f4aae748-c46c-429e-b0b4-70f7300cdc77', 'ad0e0af6-6607-4289-8380-f185dae9b192');
INSERT INTO "product_productdetails" ("id", "qty", "status", "image", "created_at", "updated_at", "color_id", "product_id", "size_id") VALUES ('0369c41f-2ab8-4bc5-9998-ba712197f8c9', 100, 'active', '', '2024-12-16 01:10:11.931952+07', '2024-12-16 01:10:11.931952+07', '68b58619-bfbc-48aa-865d-f5b011ce046a', 'f4aae748-c46c-429e-b0b4-70f7300cdc77', 'ad0e0af6-6607-4289-8380-f185dae9b192');
INSERT INTO "product_productdetails" ("id", "qty", "status", "image", "created_at", "updated_at", "color_id", "product_id", "size_id") VALUES ('84ca2530-1117-4c6f-8ea8-1965bd447f3a', 100, 'active', '', '2024-12-16 01:10:11.933354+07', '2024-12-16 01:10:11.933354+07', 'c030dda5-e1e7-4521-9e3b-2ddf4ee3212a', 'f4aae748-c46c-429e-b0b4-70f7300cdc77', 'f5fff554-af92-489b-b0a8-372894e81bf9');
INSERT INTO "product_productdetails" ("id", "qty", "status", "image", "created_at", "updated_at", "color_id", "product_id", "size_id") VALUES ('251849c0-023a-403a-82f6-b3415cd0712d', 200, 'active', '', '2024-12-16 01:10:11.93386+07', '2024-12-16 01:10:11.93386+07', 'b737527b-f1f8-405d-aaf9-310be1d9b096', 'f4aae748-c46c-429e-b0b4-70f7300cdc77', 'f5fff554-af92-489b-b0a8-372894e81bf9');
INSERT INTO "product_productdetails" ("id", "qty", "status", "image", "created_at", "updated_at", "color_id", "product_id", "size_id") VALUES ('b892bf36-c322-4429-a521-bc1bec8ceb3d', 200, 'active', '', '2024-12-16 01:10:11.93386+07', '2024-12-16 01:10:11.93386+07', '68b58619-bfbc-48aa-865d-f5b011ce046a', 'f4aae748-c46c-429e-b0b4-70f7300cdc77', 'f5fff554-af92-489b-b0a8-372894e81bf9');
INSERT INTO "product_productdetails" ("id", "qty", "status", "image", "created_at", "updated_at", "color_id", "product_id", "size_id") VALUES ('c626b4ee-cd74-45a4-9a6b-155f767b3a3b', 100, 'active', '', '2024-12-16 01:16:13.963786+07', '2024-12-16 01:16:13.963786+07', '9f91179b-427b-44bc-b020-659694b7b8ee', '88aca3b7-a774-41e2-b4a0-105e0f28a716', 'ad0e0af6-6607-4289-8380-f185dae9b192');
INSERT INTO "product_productdetails" ("id", "qty", "status", "image", "created_at", "updated_at", "color_id", "product_id", "size_id") VALUES ('7fc4963a-ae06-4b50-8900-d163cce43453', 100, 'active', '', '2024-12-16 01:16:13.967486+07', '2024-12-16 01:16:13.967486+07', 'b737527b-f1f8-405d-aaf9-310be1d9b096', '88aca3b7-a774-41e2-b4a0-105e0f28a716', 'ad0e0af6-6607-4289-8380-f185dae9b192');
INSERT INTO "product_productdetails" ("id", "qty", "status", "image", "created_at", "updated_at", "color_id", "product_id", "size_id") VALUES ('21e014e0-399c-47be-94f0-b88f0dc39b6c', 100, 'active', '', '2024-12-16 01:16:13.968474+07', '2024-12-16 01:16:13.968474+07', '68b58619-bfbc-48aa-865d-f5b011ce046a', '88aca3b7-a774-41e2-b4a0-105e0f28a716', 'ad0e0af6-6607-4289-8380-f185dae9b192');
INSERT INTO "product_productdetails" ("id", "qty", "status", "image", "created_at", "updated_at", "color_id", "product_id", "size_id") VALUES ('05079281-7327-4257-8e72-8ee64d59a614', 100, 'active', '', '2024-12-16 01:16:13.969474+07', '2024-12-16 01:16:13.969474+07', 'bd292021-1fb7-4847-acff-13e233186d58', '88aca3b7-a774-41e2-b4a0-105e0f28a716', 'ad0e0af6-6607-4289-8380-f185dae9b192');
INSERT INTO "product_productdetails" ("id", "qty", "status", "image", "created_at", "updated_at", "color_id", "product_id", "size_id") VALUES ('a41514fd-f614-4ac2-a94b-702ba6677eab', 100, 'active', '', '2024-12-16 01:16:13.970557+07', '2024-12-16 01:16:13.970557+07', '9f91179b-427b-44bc-b020-659694b7b8ee', '88aca3b7-a774-41e2-b4a0-105e0f28a716', 'f5fff554-af92-489b-b0a8-372894e81bf9');
INSERT INTO "product_productdetails" ("id", "qty", "status", "image", "created_at", "updated_at", "color_id", "product_id", "size_id") VALUES ('8578405a-60f7-4c9b-94ff-a290b4fb7787', 100, 'active', '', '2024-12-16 01:16:13.971555+07', '2024-12-16 01:16:13.971555+07', 'b737527b-f1f8-405d-aaf9-310be1d9b096', '88aca3b7-a774-41e2-b4a0-105e0f28a716', 'f5fff554-af92-489b-b0a8-372894e81bf9');
INSERT INTO "product_productdetails" ("id", "qty", "status", "image", "created_at", "updated_at", "color_id", "product_id", "size_id") VALUES ('369c64a7-70a4-44e8-86c7-d0655132960a', 100, 'active', '', '2024-12-16 01:16:13.971555+07', '2024-12-16 01:16:13.971555+07', '68b58619-bfbc-48aa-865d-f5b011ce046a', '88aca3b7-a774-41e2-b4a0-105e0f28a716', 'f5fff554-af92-489b-b0a8-372894e81bf9');
INSERT INTO "product_productdetails" ("id", "qty", "status", "image", "created_at", "updated_at", "color_id", "product_id", "size_id") VALUES ('133a0052-24b5-44c2-b08d-ff2fd399e3a2', 100, 'active', '', '2024-12-16 01:16:13.972553+07', '2024-12-16 01:16:13.972553+07', 'bd292021-1fb7-4847-acff-13e233186d58', '88aca3b7-a774-41e2-b4a0-105e0f28a716', 'f5fff554-af92-489b-b0a8-372894e81bf9');
INSERT INTO "product_productdetails" ("id", "qty", "status", "image", "created_at", "updated_at", "color_id", "product_id", "size_id") VALUES ('1022b213-b2f3-4578-b7c4-1eef415e4d81', 100, 'active', '', '2024-12-16 01:19:18.715018+07', '2024-12-16 01:19:18.715018+07', 'b551fb99-283e-46bb-a006-0f3ecfcfd4a3', '201f4de7-ae89-4aca-a978-1bde2945f4c9', 'b9880a7a-249e-4d92-a152-7ad4b8b8dda8');
INSERT INTO "product_productdetails" ("id", "qty", "status", "image", "created_at", "updated_at", "color_id", "product_id", "size_id") VALUES ('0e72f41b-3309-4f00-9605-08e7522de9ac', 100, 'active', '', '2024-12-16 01:19:18.717993+07', '2024-12-16 01:19:18.717993+07', 'b737527b-f1f8-405d-aaf9-310be1d9b096', '201f4de7-ae89-4aca-a978-1bde2945f4c9', 'b9880a7a-249e-4d92-a152-7ad4b8b8dda8');
INSERT INTO "product_productdetails" ("id", "qty", "status", "image", "created_at", "updated_at", "color_id", "product_id", "size_id") VALUES ('d9ac1960-6acc-4c12-bb0e-6b948c692999', 100, 'active', '', '2024-12-16 01:19:18.718962+07', '2024-12-16 01:19:18.718962+07', 'b551fb99-283e-46bb-a006-0f3ecfcfd4a3', '201f4de7-ae89-4aca-a978-1bde2945f4c9', 'ad0e0af6-6607-4289-8380-f185dae9b192');
INSERT INTO "product_productdetails" ("id", "qty", "status", "image", "created_at", "updated_at", "color_id", "product_id", "size_id") VALUES ('febd07f5-d522-4163-8060-24a3b6ac70fb', 100, 'active', '', '2024-12-16 01:19:18.719961+07', '2024-12-16 01:19:18.719961+07', 'b737527b-f1f8-405d-aaf9-310be1d9b096', '201f4de7-ae89-4aca-a978-1bde2945f4c9', 'ad0e0af6-6607-4289-8380-f185dae9b192');
INSERT INTO "product_productdetails" ("id", "qty", "status", "image", "created_at", "updated_at", "color_id", "product_id", "size_id") VALUES ('17d4a9b0-0707-4673-8c95-49b265a50f1f', 250, 'active', '', '2024-12-16 01:19:18.720979+07', '2024-12-16 01:19:18.720979+07', 'b551fb99-283e-46bb-a006-0f3ecfcfd4a3', '201f4de7-ae89-4aca-a978-1bde2945f4c9', 'f5fff554-af92-489b-b0a8-372894e81bf9');
INSERT INTO "product_productdetails" ("id", "qty", "status", "image", "created_at", "updated_at", "color_id", "product_id", "size_id") VALUES ('b2632d27-d7fb-495e-a264-78895878690f', 250, 'active', '', '2024-12-16 01:19:18.720979+07', '2024-12-16 01:19:18.720979+07', 'b737527b-f1f8-405d-aaf9-310be1d9b096', '201f4de7-ae89-4aca-a978-1bde2945f4c9', 'f5fff554-af92-489b-b0a8-372894e81bf9');
INSERT INTO "product_productdetails" ("id", "qty", "status", "image", "created_at", "updated_at", "color_id", "product_id", "size_id") VALUES ('de81bd80-7553-49d0-a91d-98b576dad648', 150, 'active', '', '2024-12-16 01:21:31.595699+07', '2024-12-16 01:21:31.595699+07', '68b58619-bfbc-48aa-865d-f5b011ce046a', '0ab8a539-c0c5-40ec-82e1-8bbd8b51c552', 'ad0e0af6-6607-4289-8380-f185dae9b192');
INSERT INTO "product_productdetails" ("id", "qty", "status", "image", "created_at", "updated_at", "color_id", "product_id", "size_id") VALUES ('883af11d-af03-4eb8-b3db-5509ff78ab79', 150, 'active', '', '2024-12-16 01:21:31.597699+07', '2024-12-16 01:21:31.597699+07', 'b737527b-f1f8-405d-aaf9-310be1d9b096', '0ab8a539-c0c5-40ec-82e1-8bbd8b51c552', 'ad0e0af6-6607-4289-8380-f185dae9b192');
INSERT INTO "product_productdetails" ("id", "qty", "status", "image", "created_at", "updated_at", "color_id", "product_id", "size_id") VALUES ('8e507b26-1dbe-438c-9643-9063028ddc67', 250, 'active', '', '2024-12-16 01:21:31.598703+07', '2024-12-16 01:21:31.598703+07', '68b58619-bfbc-48aa-865d-f5b011ce046a', '0ab8a539-c0c5-40ec-82e1-8bbd8b51c552', 'f5fff554-af92-489b-b0a8-372894e81bf9');
INSERT INTO "product_productdetails" ("id", "qty", "status", "image", "created_at", "updated_at", "color_id", "product_id", "size_id") VALUES ('76e60e66-6119-4ab9-b19d-e0cb46abcf79', 250, 'active', '', '2024-12-16 01:21:31.599698+07', '2024-12-16 01:21:31.599698+07', 'b737527b-f1f8-405d-aaf9-310be1d9b096', '0ab8a539-c0c5-40ec-82e1-8bbd8b51c552', 'f5fff554-af92-489b-b0a8-372894e81bf9');
INSERT INTO "product_productdetails" ("id", "qty", "status", "image", "created_at", "updated_at", "color_id", "product_id", "size_id") VALUES ('5078c284-c411-43bb-8a2b-e932002edc08', 150, 'active', '', '2024-12-16 01:21:31.600696+07', '2024-12-16 01:21:31.600696+07', '68b58619-bfbc-48aa-865d-f5b011ce046a', '0ab8a539-c0c5-40ec-82e1-8bbd8b51c552', 'c6f05e10-8663-48b8-9600-c76a1e9cb9d9');
INSERT INTO "product_productdetails" ("id", "qty", "status", "image", "created_at", "updated_at", "color_id", "product_id", "size_id") VALUES ('50533e79-6e80-43e8-ba24-822efc5de3a4', 150, 'active', '', '2024-12-16 01:21:31.600696+07', '2024-12-16 01:21:31.600696+07', 'b737527b-f1f8-405d-aaf9-310be1d9b096', '0ab8a539-c0c5-40ec-82e1-8bbd8b51c552', 'c6f05e10-8663-48b8-9600-c76a1e9cb9d9');
INSERT INTO "product_productdetails" ("id", "qty", "status", "image", "created_at", "updated_at", "color_id", "product_id", "size_id") VALUES ('0c2036ac-92c0-41ac-ac05-90fcea5c520c', 100, 'active', '', '2024-12-16 01:21:31.601714+07', '2024-12-16 01:21:31.601714+07', '68b58619-bfbc-48aa-865d-f5b011ce046a', '0ab8a539-c0c5-40ec-82e1-8bbd8b51c552', 'b9880a7a-249e-4d92-a152-7ad4b8b8dda8');
INSERT INTO "product_productdetails" ("id", "qty", "status", "image", "created_at", "updated_at", "color_id", "product_id", "size_id") VALUES ('2f2daaff-8c6d-4804-9791-6fa9c3525137', 100, 'active', '', '2024-12-16 01:21:31.601714+07', '2024-12-16 01:21:31.601714+07', 'b737527b-f1f8-405d-aaf9-310be1d9b096', '0ab8a539-c0c5-40ec-82e1-8bbd8b51c552', 'b9880a7a-249e-4d92-a152-7ad4b8b8dda8');
INSERT INTO "product_productdetails" ("id", "qty", "status", "image", "created_at", "updated_at", "color_id", "product_id", "size_id") VALUES ('76ac5514-4e7b-46c3-9a97-229da967017e', 100, 'active', '', '2024-12-16 01:23:59.493424+07', '2024-12-16 01:23:59.493424+07', '02bcd59a-b2f2-4ecf-9943-1fcda1450be2', '0cf3e2c1-d966-495e-8266-f2f429cc4bd4', 'b9880a7a-249e-4d92-a152-7ad4b8b8dda8');
INSERT INTO "product_productdetails" ("id", "qty", "status", "image", "created_at", "updated_at", "color_id", "product_id", "size_id") VALUES ('e39b0cdf-052e-4205-bb28-fd8c934e8e3f', 150, 'active', '', '2024-12-16 01:23:59.495936+07', '2024-12-16 01:23:59.495936+07', '02bcd59a-b2f2-4ecf-9943-1fcda1450be2', '0cf3e2c1-d966-495e-8266-f2f429cc4bd4', 'ad0e0af6-6607-4289-8380-f185dae9b192');
INSERT INTO "product_productdetails" ("id", "qty", "status", "image", "created_at", "updated_at", "color_id", "product_id", "size_id") VALUES ('67f87280-736c-4c11-a3c5-341db0131f52', 200, 'active', '', '2024-12-16 01:23:59.496935+07', '2024-12-16 01:23:59.496935+07', '02bcd59a-b2f2-4ecf-9943-1fcda1450be2', '0cf3e2c1-d966-495e-8266-f2f429cc4bd4', 'f5fff554-af92-489b-b0a8-372894e81bf9');
INSERT INTO "product_productdetails" ("id", "qty", "status", "image", "created_at", "updated_at", "color_id", "product_id", "size_id") VALUES ('119f044b-d368-422d-9762-9b88b8e53fde', 100, 'active', '', '2024-12-16 01:23:59.497941+07', '2024-12-16 01:23:59.497941+07', 'b737527b-f1f8-405d-aaf9-310be1d9b096', '0cf3e2c1-d966-495e-8266-f2f429cc4bd4', 'b9880a7a-249e-4d92-a152-7ad4b8b8dda8');
INSERT INTO "product_productdetails" ("id", "qty", "status", "image", "created_at", "updated_at", "color_id", "product_id", "size_id") VALUES ('01b18ad3-abef-46ea-824b-07777b66ed1d', 150, 'active', '', '2024-12-16 01:23:59.498937+07', '2024-12-16 01:23:59.498937+07', 'b737527b-f1f8-405d-aaf9-310be1d9b096', '0cf3e2c1-d966-495e-8266-f2f429cc4bd4', 'ad0e0af6-6607-4289-8380-f185dae9b192');
INSERT INTO "product_productdetails" ("id", "qty", "status", "image", "created_at", "updated_at", "color_id", "product_id", "size_id") VALUES ('dbd46992-dca0-46c7-b4de-abc33acb5cb2', 200, 'active', '', '2024-12-16 01:23:59.500017+07', '2024-12-16 01:23:59.500017+07', 'b737527b-f1f8-405d-aaf9-310be1d9b096', '0cf3e2c1-d966-495e-8266-f2f429cc4bd4', 'f5fff554-af92-489b-b0a8-372894e81bf9');
INSERT INTO "product_productdetails" ("id", "qty", "status", "image", "created_at", "updated_at", "color_id", "product_id", "size_id") VALUES ('8e51601f-279c-41ce-8aa4-3033a6aa08e1', 100, 'active', '', '2024-12-16 01:23:59.50094+07', '2024-12-16 01:23:59.50094+07', '9579f089-47a7-4be4-8537-3150ff7314c8', '0cf3e2c1-d966-495e-8266-f2f429cc4bd4', 'b9880a7a-249e-4d92-a152-7ad4b8b8dda8');
INSERT INTO "product_productdetails" ("id", "qty", "status", "image", "created_at", "updated_at", "color_id", "product_id", "size_id") VALUES ('8a8702c2-71d1-42f2-b890-38ac528f816f', 150, 'active', '', '2024-12-16 01:23:59.50194+07', '2024-12-16 01:23:59.50194+07', '9579f089-47a7-4be4-8537-3150ff7314c8', '0cf3e2c1-d966-495e-8266-f2f429cc4bd4', 'ad0e0af6-6607-4289-8380-f185dae9b192');
INSERT INTO "product_productdetails" ("id", "qty", "status", "image", "created_at", "updated_at", "color_id", "product_id", "size_id") VALUES ('73262276-e329-4e10-b7c0-222396de1d02', 200, 'active', '', '2024-12-16 01:23:59.50395+07', '2024-12-16 01:23:59.50395+07', '9579f089-47a7-4be4-8537-3150ff7314c8', '0cf3e2c1-d966-495e-8266-f2f429cc4bd4', 'f5fff554-af92-489b-b0a8-372894e81bf9');
INSERT INTO "product_productdetails" ("id", "qty", "status", "image", "created_at", "updated_at", "color_id", "product_id", "size_id") VALUES ('c9768dea-ad00-473b-be33-7a64abe09191', 100, 'active', '', '2024-12-16 01:27:27.626787+07', '2024-12-16 01:27:27.626787+07', '02bcd59a-b2f2-4ecf-9943-1fcda1450be2', 'f58361c3-78ef-4846-be9c-65eca0ea8b28', '33b60612-1da2-49be-aa71-5933a503da70');
INSERT INTO "product_productdetails" ("id", "qty", "status", "image", "created_at", "updated_at", "color_id", "product_id", "size_id") VALUES ('73337d95-ff87-4af9-92fe-7f93b8a80ea7', 100, 'active', '', '2024-12-16 01:27:27.629788+07', '2024-12-16 01:27:27.629788+07', 'b737527b-f1f8-405d-aaf9-310be1d9b096', 'f58361c3-78ef-4846-be9c-65eca0ea8b28', '33b60612-1da2-49be-aa71-5933a503da70');
INSERT INTO "product_productdetails" ("id", "qty", "status", "image", "created_at", "updated_at", "color_id", "product_id", "size_id") VALUES ('10f6b160-1c3e-4d69-aa36-60b4045032e0', 100, 'active', '', '2024-12-16 01:27:27.630788+07', '2024-12-16 01:27:27.630788+07', '02bcd59a-b2f2-4ecf-9943-1fcda1450be2', 'f58361c3-78ef-4846-be9c-65eca0ea8b28', 'b9880a7a-249e-4d92-a152-7ad4b8b8dda8');
INSERT INTO "product_productdetails" ("id", "qty", "status", "image", "created_at", "updated_at", "color_id", "product_id", "size_id") VALUES ('41b6f22f-b1c5-47ac-a03a-eb1b63bcda64', 100, 'active', '', '2024-12-16 01:27:27.632949+07', '2024-12-16 01:27:27.632949+07', 'b737527b-f1f8-405d-aaf9-310be1d9b096', 'f58361c3-78ef-4846-be9c-65eca0ea8b28', 'b9880a7a-249e-4d92-a152-7ad4b8b8dda8');
INSERT INTO "product_productdetails" ("id", "qty", "status", "image", "created_at", "updated_at", "color_id", "product_id", "size_id") VALUES ('5ec5ef8b-0109-4a0f-848b-6c4c5551615b', 150, 'active', '', '2024-12-16 01:27:27.633958+07', '2024-12-16 01:27:27.633958+07', '02bcd59a-b2f2-4ecf-9943-1fcda1450be2', 'f58361c3-78ef-4846-be9c-65eca0ea8b28', 'ad0e0af6-6607-4289-8380-f185dae9b192');
INSERT INTO "product_productdetails" ("id", "qty", "status", "image", "created_at", "updated_at", "color_id", "product_id", "size_id") VALUES ('89737ecc-bad4-4cf7-8c79-0e469d042b04', 150, 'active', '', '2024-12-16 01:27:27.63497+07', '2024-12-16 01:27:27.63497+07', 'b737527b-f1f8-405d-aaf9-310be1d9b096', 'f58361c3-78ef-4846-be9c-65eca0ea8b28', 'ad0e0af6-6607-4289-8380-f185dae9b192');
INSERT INTO "product_productdetails" ("id", "qty", "status", "image", "created_at", "updated_at", "color_id", "product_id", "size_id") VALUES ('756308f7-6484-45a2-929f-ee9fa194c430', 250, 'active', '', '2024-12-16 01:27:27.63722+07', '2024-12-16 01:27:27.63722+07', '02bcd59a-b2f2-4ecf-9943-1fcda1450be2', 'f58361c3-78ef-4846-be9c-65eca0ea8b28', 'f5fff554-af92-489b-b0a8-372894e81bf9');
INSERT INTO "product_productdetails" ("id", "qty", "status", "image", "created_at", "updated_at", "color_id", "product_id", "size_id") VALUES ('abf32309-5828-4aaf-bb11-3e3cd4f45b58', 250, 'active', '', '2024-12-16 01:27:27.638225+07', '2024-12-16 01:27:27.638225+07', 'b737527b-f1f8-405d-aaf9-310be1d9b096', 'f58361c3-78ef-4846-be9c-65eca0ea8b28', 'f5fff554-af92-489b-b0a8-372894e81bf9');
INSERT INTO "product_productdetails" ("id", "qty", "status", "image", "created_at", "updated_at", "color_id", "product_id", "size_id") VALUES ('ee15d4e4-f82a-43ca-b642-0e7a05cf5b92', 100, 'active', '', '2024-12-16 01:27:27.638225+07', '2024-12-16 01:27:27.638225+07', '02bcd59a-b2f2-4ecf-9943-1fcda1450be2', 'f58361c3-78ef-4846-be9c-65eca0ea8b28', 'c6f05e10-8663-48b8-9600-c76a1e9cb9d9');
INSERT INTO "product_productdetails" ("id", "qty", "status", "image", "created_at", "updated_at", "color_id", "product_id", "size_id") VALUES ('c409aa2e-2fc8-4bca-8082-8dfb4ba525ba', 100, 'active', '', '2024-12-16 01:27:27.639218+07', '2024-12-16 01:27:27.639218+07', 'b737527b-f1f8-405d-aaf9-310be1d9b096', 'f58361c3-78ef-4846-be9c-65eca0ea8b28', 'c6f05e10-8663-48b8-9600-c76a1e9cb9d9');
INSERT INTO "product_productdetails" ("id", "qty", "status", "image", "created_at", "updated_at", "color_id", "product_id", "size_id") VALUES ('9bb1739f-001f-436a-80f4-d831aeafd3cd', 150, 'active', '', '2024-12-16 01:29:54.93482+07', '2024-12-16 01:29:54.93482+07', '68b58619-bfbc-48aa-865d-f5b011ce046a', 'e1ea9058-0c7e-443d-a10e-8724c517823c', 'b9880a7a-249e-4d92-a152-7ad4b8b8dda8');
INSERT INTO "product_productdetails" ("id", "qty", "status", "image", "created_at", "updated_at", "color_id", "product_id", "size_id") VALUES ('e72fed04-019a-42e7-9830-71559d07a3e6', 150, 'active', '', '2024-12-16 01:29:54.938101+07', '2024-12-16 01:29:54.938101+07', 'b737527b-f1f8-405d-aaf9-310be1d9b096', 'e1ea9058-0c7e-443d-a10e-8724c517823c', 'b9880a7a-249e-4d92-a152-7ad4b8b8dda8');
INSERT INTO "product_productdetails" ("id", "qty", "status", "image", "created_at", "updated_at", "color_id", "product_id", "size_id") VALUES ('4f8fb988-fa9d-4a41-8d6b-6cd06b8b3c26', 100, 'active', '', '2024-12-16 01:29:54.940085+07', '2024-12-16 01:29:54.940085+07', 'b737527b-f1f8-405d-aaf9-310be1d9b096', 'e1ea9058-0c7e-443d-a10e-8724c517823c', '33b60612-1da2-49be-aa71-5933a503da70');
INSERT INTO "product_productdetails" ("id", "qty", "status", "image", "created_at", "updated_at", "color_id", "product_id", "size_id") VALUES ('5c4cd337-2d8a-443b-85f0-ee260eaf901f', 100, 'active', '', '2024-12-16 01:29:54.941086+07', '2024-12-16 01:29:54.941086+07', '68b58619-bfbc-48aa-865d-f5b011ce046a', 'e1ea9058-0c7e-443d-a10e-8724c517823c', '33b60612-1da2-49be-aa71-5933a503da70');
INSERT INTO "product_productdetails" ("id", "qty", "status", "image", "created_at", "updated_at", "color_id", "product_id", "size_id") VALUES ('11fadf11-b3b9-44ba-9299-6936563f2cf9', 200, 'active', '', '2024-12-16 01:29:54.942088+07', '2024-12-16 01:29:54.942088+07', '68b58619-bfbc-48aa-865d-f5b011ce046a', 'e1ea9058-0c7e-443d-a10e-8724c517823c', 'ad0e0af6-6607-4289-8380-f185dae9b192');
INSERT INTO "product_productdetails" ("id", "qty", "status", "image", "created_at", "updated_at", "color_id", "product_id", "size_id") VALUES ('ac9140de-4333-41f3-9281-ba67fedc1e08', 200, 'active', '', '2024-12-16 01:29:54.943087+07', '2024-12-16 01:29:54.943087+07', 'b737527b-f1f8-405d-aaf9-310be1d9b096', 'e1ea9058-0c7e-443d-a10e-8724c517823c', 'ad0e0af6-6607-4289-8380-f185dae9b192');
INSERT INTO "product_productdetails" ("id", "qty", "status", "image", "created_at", "updated_at", "color_id", "product_id", "size_id") VALUES ('e6d89c4b-561b-49a1-a4f1-681eb5f67c6c', 300, 'active', '', '2024-12-16 01:29:54.944642+07', '2024-12-16 01:29:54.944642+07', '68b58619-bfbc-48aa-865d-f5b011ce046a', 'e1ea9058-0c7e-443d-a10e-8724c517823c', 'f5fff554-af92-489b-b0a8-372894e81bf9');
INSERT INTO "product_productdetails" ("id", "qty", "status", "image", "created_at", "updated_at", "color_id", "product_id", "size_id") VALUES ('d6158e1b-ed06-409c-9b78-9a2b1a1750c9', 300, 'active', '', '2024-12-16 01:29:54.945663+07', '2024-12-16 01:29:54.945663+07', 'b737527b-f1f8-405d-aaf9-310be1d9b096', 'e1ea9058-0c7e-443d-a10e-8724c517823c', 'f5fff554-af92-489b-b0a8-372894e81bf9');
INSERT INTO "product_productdetails" ("id", "qty", "status", "image", "created_at", "updated_at", "color_id", "product_id", "size_id") VALUES ('9a5c0a97-8f2c-41f6-9cc1-3261a2ca6356', 150, 'active', '', '2024-12-16 01:29:54.946977+07', '2024-12-16 01:29:54.946977+07', '68b58619-bfbc-48aa-865d-f5b011ce046a', 'e1ea9058-0c7e-443d-a10e-8724c517823c', 'c6f05e10-8663-48b8-9600-c76a1e9cb9d9');
INSERT INTO "product_productdetails" ("id", "qty", "status", "image", "created_at", "updated_at", "color_id", "product_id", "size_id") VALUES ('df11c8c5-58cc-42e0-aa56-7f16126124a0', 150, 'active', '', '2024-12-16 01:29:54.948118+07', '2024-12-16 01:29:54.948118+07', 'b737527b-f1f8-405d-aaf9-310be1d9b096', 'e1ea9058-0c7e-443d-a10e-8724c517823c', 'c6f05e10-8663-48b8-9600-c76a1e9cb9d9');
INSERT INTO "product_productdetails" ("id", "qty", "status", "image", "created_at", "updated_at", "color_id", "product_id", "size_id") VALUES ('41c8982a-2ad4-4d8a-89b7-fb29d5c02a10', 100, 'active', '', '2024-12-16 01:32:14.915862+07', '2024-12-16 01:32:14.915862+07', '68b58619-bfbc-48aa-865d-f5b011ce046a', 'fa78d30a-7fe6-4193-89c1-ef5c7d624b44', 'ad0e0af6-6607-4289-8380-f185dae9b192');
INSERT INTO "product_productdetails" ("id", "qty", "status", "image", "created_at", "updated_at", "color_id", "product_id", "size_id") VALUES ('530a2e2c-c37b-40e2-b39e-ddf1a8c55502', 100, 'active', '', '2024-12-16 01:32:14.918871+07', '2024-12-16 01:32:14.918871+07', 'c030dda5-e1e7-4521-9e3b-2ddf4ee3212a', 'fa78d30a-7fe6-4193-89c1-ef5c7d624b44', 'ad0e0af6-6607-4289-8380-f185dae9b192');
INSERT INTO "product_productdetails" ("id", "qty", "status", "image", "created_at", "updated_at", "color_id", "product_id", "size_id") VALUES ('cfa3ec6d-077b-4d1d-9af7-a994661fcdcc', 100, 'active', '', '2024-12-16 01:32:14.920864+07', '2024-12-16 01:32:14.920864+07', 'b737527b-f1f8-405d-aaf9-310be1d9b096', 'fa78d30a-7fe6-4193-89c1-ef5c7d624b44', 'ad0e0af6-6607-4289-8380-f185dae9b192');
INSERT INTO "product_productdetails" ("id", "qty", "status", "image", "created_at", "updated_at", "color_id", "product_id", "size_id") VALUES ('e5ea8c24-0750-4255-ab09-5e8da6d514de', 150, 'active', '', '2024-12-16 01:32:14.921865+07', '2024-12-16 01:32:14.921865+07', '68b58619-bfbc-48aa-865d-f5b011ce046a', 'fa78d30a-7fe6-4193-89c1-ef5c7d624b44', 'f5fff554-af92-489b-b0a8-372894e81bf9');
INSERT INTO "product_productdetails" ("id", "qty", "status", "image", "created_at", "updated_at", "color_id", "product_id", "size_id") VALUES ('456ebdb0-78a3-48d5-910b-2975e56fd675', 150, 'active', '', '2024-12-16 01:32:14.922878+07', '2024-12-16 01:32:14.922878+07', 'c030dda5-e1e7-4521-9e3b-2ddf4ee3212a', 'fa78d30a-7fe6-4193-89c1-ef5c7d624b44', 'f5fff554-af92-489b-b0a8-372894e81bf9');
INSERT INTO "product_productdetails" ("id", "qty", "status", "image", "created_at", "updated_at", "color_id", "product_id", "size_id") VALUES ('5b47ce7d-b523-4ae7-9042-d2cf3303b703', 150, 'active', '', '2024-12-16 01:32:14.923869+07', '2024-12-16 01:32:14.923869+07', 'b737527b-f1f8-405d-aaf9-310be1d9b096', 'fa78d30a-7fe6-4193-89c1-ef5c7d624b44', 'f5fff554-af92-489b-b0a8-372894e81bf9');
INSERT INTO "product_productdetails" ("id", "qty", "status", "image", "created_at", "updated_at", "color_id", "product_id", "size_id") VALUES ('48aaf65b-1e94-40a2-8872-40ed5ed08f51', 100, 'active', '', '2024-12-16 01:34:26.689613+07', '2024-12-16 01:34:26.689613+07', '68b58619-bfbc-48aa-865d-f5b011ce046a', '2f8b94ae-fd57-4184-aad7-86a93753cfe5', 'b9880a7a-249e-4d92-a152-7ad4b8b8dda8');
INSERT INTO "product_productdetails" ("id", "qty", "status", "image", "created_at", "updated_at", "color_id", "product_id", "size_id") VALUES ('5069f150-41b1-4e17-abb6-4d75a4ba5212', 100, 'active', '', '2024-12-16 01:34:26.692614+07', '2024-12-16 01:34:26.692614+07', 'b737527b-f1f8-405d-aaf9-310be1d9b096', '2f8b94ae-fd57-4184-aad7-86a93753cfe5', 'b9880a7a-249e-4d92-a152-7ad4b8b8dda8');
INSERT INTO "product_productdetails" ("id", "qty", "status", "image", "created_at", "updated_at", "color_id", "product_id", "size_id") VALUES ('f5afe35e-b3d4-4931-90e5-61396266495f', 200, 'active', '', '2024-12-16 01:34:26.694118+07', '2024-12-16 01:34:26.694118+07', 'b737527b-f1f8-405d-aaf9-310be1d9b096', '2f8b94ae-fd57-4184-aad7-86a93753cfe5', 'ad0e0af6-6607-4289-8380-f185dae9b192');
INSERT INTO "product_productdetails" ("id", "qty", "status", "image", "created_at", "updated_at", "color_id", "product_id", "size_id") VALUES ('801d628e-bf44-49dc-a435-4f596a0ef7bf', 250, 'active', '', '2024-12-16 01:34:26.695611+07', '2024-12-16 01:34:26.695611+07', '68b58619-bfbc-48aa-865d-f5b011ce046a', '2f8b94ae-fd57-4184-aad7-86a93753cfe5', 'f5fff554-af92-489b-b0a8-372894e81bf9');
INSERT INTO "product_productdetails" ("id", "qty", "status", "image", "created_at", "updated_at", "color_id", "product_id", "size_id") VALUES ('5eb765de-16ad-4a9d-a8dc-23271964ff01', 250, 'active', '', '2024-12-16 01:34:26.69762+07', '2024-12-16 01:34:26.69762+07', 'b737527b-f1f8-405d-aaf9-310be1d9b096', '2f8b94ae-fd57-4184-aad7-86a93753cfe5', 'f5fff554-af92-489b-b0a8-372894e81bf9');
INSERT INTO "product_productdetails" ("id", "qty", "status", "image", "created_at", "updated_at", "color_id", "product_id", "size_id") VALUES ('dbe96b1b-2917-4c75-9ccc-26061671c786', 100, 'active', '', '2024-12-16 01:47:16.900687+07', '2024-12-16 01:47:16.900687+07', '02bcd59a-b2f2-4ecf-9943-1fcda1450be2', '57d4baf3-c461-4cf1-9321-6c12499048cf', '33b60612-1da2-49be-aa71-5933a503da70');
INSERT INTO "product_productdetails" ("id", "qty", "status", "image", "created_at", "updated_at", "color_id", "product_id", "size_id") VALUES ('c2b451e1-4137-484d-8967-4f04533e7b3a', 100, 'active', '', '2024-12-16 01:47:16.905838+07', '2024-12-16 01:47:16.905838+07', 'c030dda5-e1e7-4521-9e3b-2ddf4ee3212a', '57d4baf3-c461-4cf1-9321-6c12499048cf', '33b60612-1da2-49be-aa71-5933a503da70');
INSERT INTO "product_productdetails" ("id", "qty", "status", "image", "created_at", "updated_at", "color_id", "product_id", "size_id") VALUES ('e8133315-6317-449e-89e6-d9cb250bf255', 100, 'active', '', '2024-12-16 01:47:16.907844+07', '2024-12-16 01:47:16.907844+07', '02bcd59a-b2f2-4ecf-9943-1fcda1450be2', '57d4baf3-c461-4cf1-9321-6c12499048cf', 'b9880a7a-249e-4d92-a152-7ad4b8b8dda8');
INSERT INTO "product_productdetails" ("id", "qty", "status", "image", "created_at", "updated_at", "color_id", "product_id", "size_id") VALUES ('20315bb3-84d3-4a5c-a0fc-9f6550c24ddd', 150, 'active', '', '2024-12-16 01:47:16.909854+07', '2024-12-16 01:47:16.909854+07', '02bcd59a-b2f2-4ecf-9943-1fcda1450be2', '57d4baf3-c461-4cf1-9321-6c12499048cf', 'ad0e0af6-6607-4289-8380-f185dae9b192');
INSERT INTO "product_productdetails" ("id", "qty", "status", "image", "created_at", "updated_at", "color_id", "product_id", "size_id") VALUES ('e6146d08-52ed-48ff-babd-55a61142f18c', 200, 'active', '', '2024-12-16 01:47:16.910846+07', '2024-12-16 01:47:16.910846+07', '02bcd59a-b2f2-4ecf-9943-1fcda1450be2', '57d4baf3-c461-4cf1-9321-6c12499048cf', 'f5fff554-af92-489b-b0a8-372894e81bf9');
INSERT INTO "product_productdetails" ("id", "qty", "status", "image", "created_at", "updated_at", "color_id", "product_id", "size_id") VALUES ('dc398c93-7b65-4c6e-92e4-50b9eccd9298', 100, 'active', '', '2024-12-16 01:47:16.911901+07', '2024-12-16 01:47:16.911901+07', 'c030dda5-e1e7-4521-9e3b-2ddf4ee3212a', '57d4baf3-c461-4cf1-9321-6c12499048cf', 'b9880a7a-249e-4d92-a152-7ad4b8b8dda8');
INSERT INTO "product_productdetails" ("id", "qty", "status", "image", "created_at", "updated_at", "color_id", "product_id", "size_id") VALUES ('857bbb6a-d6b7-47e4-bb9c-c7560f4f1a51', 151, 'active', '', '2024-12-16 01:47:16.914784+07', '2024-12-16 01:47:16.914784+07', 'c030dda5-e1e7-4521-9e3b-2ddf4ee3212a', '57d4baf3-c461-4cf1-9321-6c12499048cf', 'ad0e0af6-6607-4289-8380-f185dae9b192');
INSERT INTO "product_productdetails" ("id", "qty", "status", "image", "created_at", "updated_at", "color_id", "product_id", "size_id") VALUES ('5c4d9bc3-a927-4bb9-823a-617c5517e8b7', 198, 'active', '', '2024-12-16 01:34:26.693614+07', '2024-12-16 01:34:26.693614+07', '68b58619-bfbc-48aa-865d-f5b011ce046a', '2f8b94ae-fd57-4184-aad7-86a93753cfe5', 'ad0e0af6-6607-4289-8380-f185dae9b192');
INSERT INTO "product_productdetails" ("id", "qty", "status", "image", "created_at", "updated_at", "color_id", "product_id", "size_id") VALUES ('8513416a-bf8f-4574-8ba6-72afb0f6f101', 50, 'active', '', '2024-12-17 01:31:59.658876+07', '2024-12-17 01:31:59.658876+07', '68b58619-bfbc-48aa-865d-f5b011ce046a', '32f05185-ea65-4750-ab74-73be8013cb8a', '33b60612-1da2-49be-aa71-5933a503da70');
INSERT INTO "product_productdetails" ("id", "qty", "status", "image", "created_at", "updated_at", "color_id", "product_id", "size_id") VALUES ('b1084a2d-2a71-40b4-b6cf-ceed5f9df94b', 100, 'active', '', '2024-12-17 01:31:59.664244+07', '2024-12-17 01:31:59.664244+07', '68b58619-bfbc-48aa-865d-f5b011ce046a', '32f05185-ea65-4750-ab74-73be8013cb8a', 'b9880a7a-249e-4d92-a152-7ad4b8b8dda8');
INSERT INTO "product_productdetails" ("id", "qty", "status", "image", "created_at", "updated_at", "color_id", "product_id", "size_id") VALUES ('4e24be0f-947c-4a0d-8d9a-16568d883baf', 150, 'active', '', '2024-12-17 01:31:59.665591+07', '2024-12-17 01:31:59.665591+07', '68b58619-bfbc-48aa-865d-f5b011ce046a', '32f05185-ea65-4750-ab74-73be8013cb8a', 'ad0e0af6-6607-4289-8380-f185dae9b192');
INSERT INTO "product_productdetails" ("id", "qty", "status", "image", "created_at", "updated_at", "color_id", "product_id", "size_id") VALUES ('1fa483fb-b5cb-4205-9fcc-b829f9b93926', 100, 'active', '', '2024-12-17 01:31:59.666323+07', '2024-12-17 01:31:59.666323+07', '68b58619-bfbc-48aa-865d-f5b011ce046a', '32f05185-ea65-4750-ab74-73be8013cb8a', 'f5fff554-af92-489b-b0a8-372894e81bf9');
INSERT INTO "product_productdetails" ("id", "qty", "status", "image", "created_at", "updated_at", "color_id", "product_id", "size_id") VALUES ('fca01cd8-3c77-4afe-af56-662b1a121107', 100, 'active', '', '2024-12-17 01:38:23.096026+07', '2024-12-17 01:38:23.096026+07', 'ef061635-0335-4210-9548-166f0eb4861c', '2812d4b0-9344-407d-98a1-c8a545767178', 'ad0e0af6-6607-4289-8380-f185dae9b192');
INSERT INTO "product_productdetails" ("id", "qty", "status", "image", "created_at", "updated_at", "color_id", "product_id", "size_id") VALUES ('b95d1233-18e9-4cd5-bf92-edb50e00bfde', 100, 'active', '', '2024-12-17 01:38:23.100021+07', '2024-12-17 01:38:23.100021+07', '70bd6309-8544-429d-949e-521cd8101a63', '2812d4b0-9344-407d-98a1-c8a545767178', 'ad0e0af6-6607-4289-8380-f185dae9b192');
INSERT INTO "product_productdetails" ("id", "qty", "status", "image", "created_at", "updated_at", "color_id", "product_id", "size_id") VALUES ('170658a2-06b0-4497-bd85-265a1b48274f', 100, 'active', '', '2024-12-17 01:38:23.10102+07', '2024-12-17 01:38:23.10102+07', 'b737527b-f1f8-405d-aaf9-310be1d9b096', '2812d4b0-9344-407d-98a1-c8a545767178', 'ad0e0af6-6607-4289-8380-f185dae9b192');
INSERT INTO "product_productdetails" ("id", "qty", "status", "image", "created_at", "updated_at", "color_id", "product_id", "size_id") VALUES ('daa9464c-50cf-4fe1-bcf8-781c5f3c79c9', 100, 'active', '', '2024-12-17 01:38:23.10102+07', '2024-12-17 01:38:23.10102+07', 'bd292021-1fb7-4847-acff-13e233186d58', '2812d4b0-9344-407d-98a1-c8a545767178', 'ad0e0af6-6607-4289-8380-f185dae9b192');
INSERT INTO "product_productdetails" ("id", "qty", "status", "image", "created_at", "updated_at", "color_id", "product_id", "size_id") VALUES ('147db4bb-84cb-4951-8b73-938541594d6f', 150, 'active', '', '2024-12-17 01:38:23.102021+07', '2024-12-17 01:38:23.102021+07', 'ef061635-0335-4210-9548-166f0eb4861c', '2812d4b0-9344-407d-98a1-c8a545767178', 'f5fff554-af92-489b-b0a8-372894e81bf9');
INSERT INTO "product_productdetails" ("id", "qty", "status", "image", "created_at", "updated_at", "color_id", "product_id", "size_id") VALUES ('689a0693-8be0-4efc-9309-0b4da4e1b3ba', 150, 'active', '', '2024-12-17 01:38:23.103032+07', '2024-12-17 01:38:23.103032+07', 'bd292021-1fb7-4847-acff-13e233186d58', '2812d4b0-9344-407d-98a1-c8a545767178', 'f5fff554-af92-489b-b0a8-372894e81bf9');
INSERT INTO "product_productdetails" ("id", "qty", "status", "image", "created_at", "updated_at", "color_id", "product_id", "size_id") VALUES ('5d5b114b-1f7e-4068-b477-7ff8af6de966', 100, 'active', '', '2024-12-17 01:38:23.104021+07', '2024-12-17 01:38:23.104021+07', 'b737527b-f1f8-405d-aaf9-310be1d9b096', '2812d4b0-9344-407d-98a1-c8a545767178', 'f5fff554-af92-489b-b0a8-372894e81bf9');
INSERT INTO "product_productdetails" ("id", "qty", "status", "image", "created_at", "updated_at", "color_id", "product_id", "size_id") VALUES ('cff1d82b-3bb3-457e-a290-949db9aeddcf', 80, 'active', '', '2024-12-17 01:38:23.105022+07', '2024-12-17 01:38:23.105022+07', '70bd6309-8544-429d-949e-521cd8101a63', '2812d4b0-9344-407d-98a1-c8a545767178', 'f5fff554-af92-489b-b0a8-372894e81bf9');
INSERT INTO "product_productdetails" ("id", "qty", "status", "image", "created_at", "updated_at", "color_id", "product_id", "size_id") VALUES ('e4f41122-3ca8-457c-8301-bda743c8eb2c', 50, 'active', '', '2024-12-17 01:40:15.852442+07', '2024-12-17 01:40:15.852442+07', 'b737527b-f1f8-405d-aaf9-310be1d9b096', 'cf9ebc1e-1021-4277-b336-24f377539a44', 'ad0e0af6-6607-4289-8380-f185dae9b192');
INSERT INTO "product_productdetails" ("id", "qty", "status", "image", "created_at", "updated_at", "color_id", "product_id", "size_id") VALUES ('eaaab63f-99c6-4b94-96b7-9304ea750efe', 100, 'active', '', '2024-12-17 01:40:15.855545+07', '2024-12-17 01:40:15.855545+07', 'b737527b-f1f8-405d-aaf9-310be1d9b096', 'cf9ebc1e-1021-4277-b336-24f377539a44', 'f5fff554-af92-489b-b0a8-372894e81bf9');
INSERT INTO "product_productdetails" ("id", "qty", "status", "image", "created_at", "updated_at", "color_id", "product_id", "size_id") VALUES ('d23c9852-335a-4b2d-9401-d20c05ceaa21', 20, 'active', '', '2024-12-17 01:40:15.855545+07', '2024-12-17 01:40:15.855545+07', 'bd292021-1fb7-4847-acff-13e233186d58', 'cf9ebc1e-1021-4277-b336-24f377539a44', 'ad0e0af6-6607-4289-8380-f185dae9b192');
INSERT INTO "product_productdetails" ("id", "qty", "status", "image", "created_at", "updated_at", "color_id", "product_id", "size_id") VALUES ('ff89c929-468c-444c-80f7-88ad17529817', 30, 'active', '', '2024-12-17 01:40:15.856549+07', '2024-12-17 01:40:15.856549+07', 'bd292021-1fb7-4847-acff-13e233186d58', 'cf9ebc1e-1021-4277-b336-24f377539a44', 'f5fff554-af92-489b-b0a8-372894e81bf9');
INSERT INTO "product_productdetails" ("id", "qty", "status", "image", "created_at", "updated_at", "color_id", "product_id", "size_id") VALUES ('79083110-64c7-4a96-8c92-fea498908193', 200, 'active', '', '2024-12-17 01:41:48.295238+07', '2024-12-17 01:41:48.295238+07', 'b737527b-f1f8-405d-aaf9-310be1d9b096', '90adea84-5891-4d0e-ab01-b67550d64c7d', 'f5fff554-af92-489b-b0a8-372894e81bf9');
INSERT INTO "product_productdetails" ("id", "qty", "status", "image", "created_at", "updated_at", "color_id", "product_id", "size_id") VALUES ('31723a06-f574-4827-be0f-fd6c9706daf2', 200, 'active', '', '2024-12-17 01:41:48.298241+07', '2024-12-17 01:41:48.298241+07', '68b58619-bfbc-48aa-865d-f5b011ce046a', '90adea84-5891-4d0e-ab01-b67550d64c7d', 'f5fff554-af92-489b-b0a8-372894e81bf9');
INSERT INTO "product_productdetails" ("id", "qty", "status", "image", "created_at", "updated_at", "color_id", "product_id", "size_id") VALUES ('1178d737-9971-452a-a2c9-34ae47d588df', 150, 'active', '', '2024-12-17 01:41:48.299241+07', '2024-12-17 01:41:48.299241+07', 'b737527b-f1f8-405d-aaf9-310be1d9b096', '90adea84-5891-4d0e-ab01-b67550d64c7d', 'ad0e0af6-6607-4289-8380-f185dae9b192');
INSERT INTO "product_productdetails" ("id", "qty", "status", "image", "created_at", "updated_at", "color_id", "product_id", "size_id") VALUES ('01d01399-2d81-4f93-b0bd-39a9c44f2989', 100, 'active', '', '2024-12-17 01:41:48.30124+07', '2024-12-17 01:41:48.30124+07', '68b58619-bfbc-48aa-865d-f5b011ce046a', '90adea84-5891-4d0e-ab01-b67550d64c7d', 'ad0e0af6-6607-4289-8380-f185dae9b192');
INSERT INTO "product_productmaterials" ("id", "status", "material_id", "product_id") VALUES ('adb4423f-9836-43d7-89d9-60e201e18f5f', 'active', 'bd19f1b0-2767-4bf6-aec4-a6d63aad3c6f', 'd78e6f72-9b0f-4cd4-87a2-75051280b9c1');
INSERT INTO "product_productmaterials" ("id", "status", "material_id", "product_id") VALUES ('4d489f22-d8f8-442e-aab0-228227d41684', 'active', 'bd19f1b0-2767-4bf6-aec4-a6d63aad3c6f', 'e1d1d2cf-b180-4d0f-ac9e-fdad565e3247');
INSERT INTO "product_productmaterials" ("id", "status", "material_id", "product_id") VALUES ('ae5a3008-0d9f-4236-8442-625ba7701971', 'active', 'bd19f1b0-2767-4bf6-aec4-a6d63aad3c6f', 'dd422b2e-556b-4cde-b9ca-339f2f128f71');
INSERT INTO "product_productmaterials" ("id", "status", "material_id", "product_id") VALUES ('e90a0478-5b1d-43b5-aa01-24be9bcbc35c', 'active', 'bd19f1b0-2767-4bf6-aec4-a6d63aad3c6f', '906fa4aa-551d-424f-ae92-f085523e9552');
INSERT INTO "product_productmaterials" ("id", "status", "material_id", "product_id") VALUES ('ef75aa77-0198-4582-8f2a-676fa5ac3206', 'active', 'bd19f1b0-2767-4bf6-aec4-a6d63aad3c6f', 'f4aae748-c46c-429e-b0b4-70f7300cdc77');
INSERT INTO "product_productmaterials" ("id", "status", "material_id", "product_id") VALUES ('c7fbf958-ed16-48a3-9235-581565b4b6b4', 'active', 'bd19f1b0-2767-4bf6-aec4-a6d63aad3c6f', '88aca3b7-a774-41e2-b4a0-105e0f28a716');
INSERT INTO "product_productmaterials" ("id", "status", "material_id", "product_id") VALUES ('6f14977f-7c5d-4102-bec8-1a5f50dec475', 'active', 'bd19f1b0-2767-4bf6-aec4-a6d63aad3c6f', '201f4de7-ae89-4aca-a978-1bde2945f4c9');
INSERT INTO "product_productmaterials" ("id", "status", "material_id", "product_id") VALUES ('356978bb-7cda-4b35-a6e3-bec89a47f49f', 'active', 'bd19f1b0-2767-4bf6-aec4-a6d63aad3c6f', '0ab8a539-c0c5-40ec-82e1-8bbd8b51c552');
INSERT INTO "product_productmaterials" ("id", "status", "material_id", "product_id") VALUES ('0865cbd9-2ab1-4953-80f0-b6e276f8ffa8', 'active', 'bd19f1b0-2767-4bf6-aec4-a6d63aad3c6f', '0cf3e2c1-d966-495e-8266-f2f429cc4bd4');
INSERT INTO "product_productmaterials" ("id", "status", "material_id", "product_id") VALUES ('31ad6bbe-a785-4c59-aa3f-0af1a63592c9', 'active', 'bd19f1b0-2767-4bf6-aec4-a6d63aad3c6f', 'f58361c3-78ef-4846-be9c-65eca0ea8b28');
INSERT INTO "product_productmaterials" ("id", "status", "material_id", "product_id") VALUES ('eb9f0ada-64d8-4a07-a89d-c79419c92d08', 'active', 'bd19f1b0-2767-4bf6-aec4-a6d63aad3c6f', 'e1ea9058-0c7e-443d-a10e-8724c517823c');
INSERT INTO "product_productmaterials" ("id", "status", "material_id", "product_id") VALUES ('b5fd1d15-11e2-4ecb-93a3-fcb456a8576f', 'active', 'bd19f1b0-2767-4bf6-aec4-a6d63aad3c6f', 'fa78d30a-7fe6-4193-89c1-ef5c7d624b44');
INSERT INTO "product_productmaterials" ("id", "status", "material_id", "product_id") VALUES ('2da62c62-aeb6-49c3-ac23-893ded50147a', 'active', 'bd19f1b0-2767-4bf6-aec4-a6d63aad3c6f', '2f8b94ae-fd57-4184-aad7-86a93753cfe5');
INSERT INTO "product_productmaterials" ("id", "status", "material_id", "product_id") VALUES ('1558ff9a-23b4-47f4-980f-253f694d8491', 'active', 'bd19f1b0-2767-4bf6-aec4-a6d63aad3c6f', '57d4baf3-c461-4cf1-9321-6c12499048cf');
INSERT INTO "product_productmaterials" ("id", "status", "material_id", "product_id") VALUES ('ff6ae64c-4ead-4b67-9783-8310946eb772', 'active', '11b37bc9-f87d-4c30-9504-27b099208a42', '32f05185-ea65-4750-ab74-73be8013cb8a');
INSERT INTO "product_productmaterials" ("id", "status", "material_id", "product_id") VALUES ('80acea8f-fc37-4222-ab79-ca483611566c', 'active', '11b37bc9-f87d-4c30-9504-27b099208a42', '2812d4b0-9344-407d-98a1-c8a545767178');
INSERT INTO "product_productmaterials" ("id", "status", "material_id", "product_id") VALUES ('9afd8b4b-9a43-48bf-8446-f3a90049db99', 'active', 'bd19f1b0-2767-4bf6-aec4-a6d63aad3c6f', '2812d4b0-9344-407d-98a1-c8a545767178');
INSERT INTO "product_productmaterials" ("id", "status", "material_id", "product_id") VALUES ('9628afe2-270a-4fa2-9cab-65e420ace1db', 'active', '43b83459-cf63-4ed3-9bb1-ff391ea153fe', 'cf9ebc1e-1021-4277-b336-24f377539a44');
INSERT INTO "product_productmaterials" ("id", "status", "material_id", "product_id") VALUES ('a37cee37-422c-43ff-b398-82b162c18b17', 'active', 'bd19f1b0-2767-4bf6-aec4-a6d63aad3c6f', '90adea84-5891-4d0e-ab01-b67550d64c7d');
INSERT INTO "product_producttypes" ("id", "status", "product_id", "type_id") VALUES ('4dba99e7-bd54-4642-b6af-0f0644ec0d0c', 'active', 'd78e6f72-9b0f-4cd4-87a2-75051280b9c1', '655ad246-37a2-4598-8873-085d7678f59b');
INSERT INTO "product_producttypes" ("id", "status", "product_id", "type_id") VALUES ('c5710845-ba49-4f57-86d7-3a994ce75b16', 'active', 'e1d1d2cf-b180-4d0f-ac9e-fdad565e3247', '655ad246-37a2-4598-8873-085d7678f59b');
INSERT INTO "product_producttypes" ("id", "status", "product_id", "type_id") VALUES ('87a720af-b998-46d9-9874-5d1642942341', 'active', 'dd422b2e-556b-4cde-b9ca-339f2f128f71', '655ad246-37a2-4598-8873-085d7678f59b');
INSERT INTO "product_producttypes" ("id", "status", "product_id", "type_id") VALUES ('7b1bfa73-2705-44f3-b981-84e120ce2f2e', 'active', '906fa4aa-551d-424f-ae92-f085523e9552', '655ad246-37a2-4598-8873-085d7678f59b');
INSERT INTO "product_producttypes" ("id", "status", "product_id", "type_id") VALUES ('c6679ae2-c5ec-4809-9e25-76c0bbcfbd3f', 'active', 'f4aae748-c46c-429e-b0b4-70f7300cdc77', '655ad246-37a2-4598-8873-085d7678f59b');
INSERT INTO "product_producttypes" ("id", "status", "product_id", "type_id") VALUES ('04612c38-3763-424a-9d71-2a028f8e53ef', 'active', '88aca3b7-a774-41e2-b4a0-105e0f28a716', '655ad246-37a2-4598-8873-085d7678f59b');
INSERT INTO "product_producttypes" ("id", "status", "product_id", "type_id") VALUES ('22ac8a64-30e0-4df6-88b4-a5a126b2e6bc', 'active', '201f4de7-ae89-4aca-a978-1bde2945f4c9', '655ad246-37a2-4598-8873-085d7678f59b');
INSERT INTO "product_producttypes" ("id", "status", "product_id", "type_id") VALUES ('60462daf-0cbb-4895-8031-190328bdcf34', 'active', '0ab8a539-c0c5-40ec-82e1-8bbd8b51c552', '655ad246-37a2-4598-8873-085d7678f59b');
INSERT INTO "product_producttypes" ("id", "status", "product_id", "type_id") VALUES ('d3c5b8de-1967-4ffd-b8e8-4444373f5c23', 'active', '0cf3e2c1-d966-495e-8266-f2f429cc4bd4', '655ad246-37a2-4598-8873-085d7678f59b');
INSERT INTO "product_producttypes" ("id", "status", "product_id", "type_id") VALUES ('06aaf788-7c71-4239-89e2-e62e03f4b251', 'active', 'f58361c3-78ef-4846-be9c-65eca0ea8b28', '655ad246-37a2-4598-8873-085d7678f59b');
INSERT INTO "product_producttypes" ("id", "status", "product_id", "type_id") VALUES ('93ef9345-fdb8-48af-894a-54b58c472e19', 'active', 'e1ea9058-0c7e-443d-a10e-8724c517823c', '655ad246-37a2-4598-8873-085d7678f59b');
INSERT INTO "product_producttypes" ("id", "status", "product_id", "type_id") VALUES ('4409ddb7-955d-46d8-89d7-e5022f39d52e', 'active', 'fa78d30a-7fe6-4193-89c1-ef5c7d624b44', '655ad246-37a2-4598-8873-085d7678f59b');
INSERT INTO "product_producttypes" ("id", "status", "product_id", "type_id") VALUES ('3b286752-6a00-47b1-b956-be33a7d2d05d', 'active', '2f8b94ae-fd57-4184-aad7-86a93753cfe5', '655ad246-37a2-4598-8873-085d7678f59b');
INSERT INTO "product_producttypes" ("id", "status", "product_id", "type_id") VALUES ('4b75c67d-b1dd-490b-8ef6-26588ea132d7', 'active', '57d4baf3-c461-4cf1-9321-6c12499048cf', '655ad246-37a2-4598-8873-085d7678f59b');
INSERT INTO "product_producttypes" ("id", "status", "product_id", "type_id") VALUES ('9af340e9-50a8-4c7d-9134-c188c6ec3383', 'active', '32f05185-ea65-4750-ab74-73be8013cb8a', '01dad32d-5b2e-4a6d-a109-2e1d4eb30aaf');
INSERT INTO "product_producttypes" ("id", "status", "product_id", "type_id") VALUES ('c6e43cf1-7de3-4873-a631-435deed945bc', 'active', '2812d4b0-9344-407d-98a1-c8a545767178', '01dad32d-5b2e-4a6d-a109-2e1d4eb30aaf');
INSERT INTO "product_producttypes" ("id", "status", "product_id", "type_id") VALUES ('bfed06ac-a3ee-4c8e-aac1-e6276c661cf3', 'active', 'cf9ebc1e-1021-4277-b336-24f377539a44', '35b6f114-b2fd-4444-9099-98f87dcb25c1');
INSERT INTO "product_producttypes" ("id", "status", "product_id", "type_id") VALUES ('14e3a156-1f7a-4345-9ca5-f510785f39e8', 'active', '90adea84-5891-4d0e-ab01-b67550d64c7d', '6a77b493-3e41-4132-9642-510f98e633e2');
INSERT INTO "product_size" ("id", "name", "status") VALUES ('b9880a7a-249e-4d92-a152-7ad4b8b8dda8', 'S ', 'active');
INSERT INTO "product_size" ("id", "name", "status") VALUES ('33b60612-1da2-49be-aa71-5933a503da70', 'XS', 'active');
INSERT INTO "product_size" ("id", "name", "status") VALUES ('ad0e0af6-6607-4289-8380-f185dae9b192', 'M', 'active');
INSERT INTO "product_size" ("id", "name", "status") VALUES ('f5fff554-af92-489b-b0a8-372894e81bf9', 'L', 'active');
INSERT INTO "product_size" ("id", "name", "status") VALUES ('c6f05e10-8663-48b8-9600-c76a1e9cb9d9', 'XL', 'active');
INSERT INTO "product_type" ("id", "name", "status") VALUES ('6a77b493-3e41-4132-9642-510f98e633e2', 'Hoodie', 'active');
INSERT INTO "product_type" ("id", "name", "status") VALUES ('1f02665f-ccfa-4747-9ad5-e2a8bfb76639', 'Sweater', 'active');
INSERT INTO "product_type" ("id", "name", "status") VALUES ('655ad246-37a2-4598-8873-085d7678f59b', 'Áo thun', 'active');
INSERT INTO "product_type" ("id", "name", "status") VALUES ('01dad32d-5b2e-4a6d-a109-2e1d4eb30aaf', 'Cardigan', 'active');
INSERT INTO "product_type" ("id", "name", "status") VALUES ('35b6f114-b2fd-4444-9099-98f87dcb25c1', 'Quần dài', 'active');
INSERT INTO "user_usercustomer" ("id", "email", "phone", "status", "created_at", "updated_at", "password", "role") VALUES ('de0e16ed-a155-4873-b8e4-9957072632ff', 'admin@gmail.com', '0932105398', 'active', '2024-11-19 22:31:50.83546+07', '2024-11-19 22:31:50.83546+07', '123456', 'admin');
INSERT INTO "user_usercustomer" ("id", "email", "phone", "status", "created_at", "updated_at", "password", "role") VALUES ('8d5a13b0-91ed-4abd-b539-b981f224e826', 'user4@gmail.com', '09321054444', 'active', '2024-11-28 15:01:28.776327+07', '2024-11-28 15:01:28.776327+07', '123456', 'user');
INSERT INTO "user_usercustomer" ("id", "email", "phone", "status", "created_at", "updated_at", "password", "role") VALUES ('2f8ecc04-a8ce-4899-a2d4-52790e7c5240', 'staff@gmail.com', '09321054443', 'active', '2024-11-28 15:03:54.003373+07', '2024-11-28 15:03:54.003373+07', '123456', 'staff');
INSERT INTO "user_usercustomer" ("id", "email", "phone", "status", "created_at", "updated_at", "password", "role") VALUES ('d1346b04-3530-4f06-be75-f9c0ff5bb7b5', 'user3@gmail.com', '0932105400', 'active', '2024-11-26 09:47:04.090957+07', '2024-11-26 09:47:04.090957+07', '123456', 'user');
INSERT INTO "user_usercustomer" ("id", "email", "phone", "status", "created_at", "updated_at", "password", "role") VALUES ('b98d5b4a-f29b-484e-8918-a5e4327eaa1d', 'user2@gmail.com', '0932105400', 'active', '2024-11-26 09:46:52.929471+07', '2024-11-26 09:46:52.929471+07', '123456', 'user');
INSERT INTO "user_usercustomer" ("id", "email", "phone", "status", "created_at", "updated_at", "password", "role") VALUES ('3482294b-1000-4fd2-9505-ed927541ecdf', 'user1@gmail.com', '0932105400', 'active', '2024-11-25 11:41:58.641962+07', '2024-11-25 11:41:58.641962+07', '123456', 'user');
INSERT INTO "user_usercustomer" ("id", "email", "phone", "status", "created_at", "updated_at", "password", "role") VALUES ('b479b2c4-a2a4-497b-92c5-a5aa9e4e9ce0', 'user@gmail.com', '0932105399', 'active', '2024-11-25 11:40:29.197452+07', '2024-11-25 11:40:29.197452+07', '123456', 'user');
INSERT INTO "user_usercustomer" ("id", "email", "phone", "status", "created_at", "updated_at", "password", "role") VALUES ('39b57468-835f-4224-8c53-da609a5c161e', 'user12@gmail.com', '09123741823', 'active', '2024-12-11 15:05:01.198305+07', '2024-12-11 15:05:01.198305+07', '123456', 'user');
INSERT INTO "user_usercustomer" ("id", "email", "phone", "status", "created_at", "updated_at", "password", "role") VALUES ('1f8f91ab-7a68-4aa4-873d-5fc06c50b72d', 'user11@gmai.com', '0933323723', 'in_active', '2024-12-11 15:04:29.35148+07', '2024-12-14 17:33:18.932074+07', '123456', 'user');
